Symbol,Name,SEDOL,FDS Ticker Symbol,GICS Sector Name,Net Sales,Net Sales,Net Sales,Net Sales,Net Sales,Net Sales,Net Sales,Net Sales,Net Sales,Net Sales,EBIT Oper Income,EBIT Oper Income,EBIT Oper Income,EBIT Oper Income,EBIT Oper Income,EBIT Oper Income,EBIT Oper Income,EBIT Oper Income,EBIT Oper Income,EBIT Oper Income,Market Value,Market Value,Market Value,Market Value,Market Value,Market Value,Market Value,Market Value,Market Value,Market Value
MMM,3M Company,2595708,MMM-US,Industrials,-0.02 ,0.04 ,0.05 ,-0.01 ,-0.05 ,0.03 ,0.03 ,0.01 ,0.11 ,0.15 ,-0.10,0.08,0.03,0.02,-0.03,0.07,0.03,0.03,0.04,0.20,-0.08,-0.22,0.31,0.16,-0.12,0.12,0.46,0.12,-0.08,0.05
AOS,A. O. Smith Corporation,2816023,AOS-US,Industrials,-0.06 ,0.06 ,0.12 ,0.06 ,0.08 ,0.09 ,0.11 ,0.13 ,0.15 ,-0.25 ,-0.15,0.06,0.13,0.17,0.39,0.15,0.22,0.39,0.26,-0.37,0.08,-0.32,0.28,0.22,0.34,0.02,0.69,0.59,0.05,0.33
ABT,Abbott Laboratories,2002305,ABT-US,Health Care,0.04 ,0.12 ,0.31 ,0.02 ,0.01 ,0.03 ,-0.09 ,-0.45 ,0.10 ,0.14 ,0.19,0.95,-0.39,0.10,0.01,0.36,0.07,-0.71,-0.03,0.07,0.21,0.28,0.76,-0.14,-0.03,0.14,-0.43,0.17,0.19,-0.12
ABMD,"ABIOMED, Inc.",2003698,ABMD-US,Health Care,0.30 ,0.33 ,0.35 ,0.43 ,0.25 ,0.16 ,0.25 ,0.25 ,0.18 ,0.17 ,0.41,0.73,0.39,1.19,1.08,-0.12,9.88,-1.14,-0.55,-0.15,0.00,1.36,0.35,0.36,1.85,0.44,-0.17,0.59,0.42,1.15
ACN,Accenture Plc Class A,B4BNMY3,ACN-US,Information Technology,0.05 ,0.11 ,0.06 ,0.06 ,0.03 ,0.05 ,0.02 ,0.09 ,0.18 ,-0.00 ,0.06,0.14,0.10,0.07,0.02,0.06,0.05,0.13,0.19,0.01,0.17,0.34,0.13,0.21,0.16,0.11,0.18,0.14,0.50,0.11
ATVI,"Activision Blizzard, Inc.",2575818,ATVI-US,Communication Services,-0.14 ,0.07 ,0.06 ,0.42 ,0.06 ,-0.04 ,-0.06 ,0.02 ,0.07 ,0.04 ,-0.15,0.52,-0.09,0.11,0.11,-0.16,-0.04,0.08,0.70,0.96,0.28,-0.26,0.78,-0.05,0.95,0.16,0.06,-0.15,-0.05,0.06
ADBE,Adobe Inc.,2008154,ADBE-US,Information Technology,0.24 ,0.24 ,0.25 ,0.23 ,0.15 ,0.03 ,-0.08 ,0.04 ,0.11 ,0.30 ,0.16,0.31,0.45,0.74,1.00,0.03,-0.64,-0.04,0.20,0.41,0.22,0.39,0.79,0.07,0.25,0.30,0.65,0.28,-0.09,-0.21
AAP,"Advance Auto Parts, Inc.",2822019,AAP-US,Consumer Discretionary,0.01 ,0.02 ,-0.02 ,-0.02 ,-0.01 ,0.52 ,0.05 ,0.01 ,0.04 ,0.09 ,0.02,0.11,-0.26,-0.08,0.00,0.27,0.05,-0.01,0.14,0.29,-0.03,0.53,-0.41,0.13,-0.05,0.45,0.53,0.04,-0.07,0.43
AMD,"Advanced Micro Devices, Inc.",2007849,AMD-US,Information Technology,0.04 ,0.23 ,0.23 ,0.07 ,-0.28 ,0.04 ,-0.02 ,-0.17 ,0.01 ,0.20 ,0.29,5.81,-1.14,0.42,-2.86,1.02,-1.09,-3.04,-0.18,-2.16,2.02,0.80,-0.06,3.58,0.12,-0.25,0.69,-0.57,-0.31,-0.17
AES,AES Corporation,2002479,AES-US,Utilities,-0.05 ,0.02 ,0.03 ,-0.28 ,-0.18 ,0.08 ,-0.12 ,0.05 ,0.05 ,0.19 ,-0.09,0.07,0.05,-0.18,-0.10,-0.05,-0.11,-0.11,0.09,0.17,0.38,0.34,-0.07,0.20,-0.34,-0.08,0.32,-0.12,-0.06,0.08
A,"Agilent Technologies, Inc.",2520153,A-US,Health Care,0.05 ,0.10 ,0.06 ,0.04 ,-0.00 ,-0.40 ,-0.01 ,0.04 ,0.22 ,0.21 ,0.03,0.08,0.14,0.34,0.10,-0.50,-0.12,0.06,0.73,0.85,0.14,-0.06,0.55,0.13,-0.32,0.10,0.36,-0.03,0.07,0.41
APD,"Air Products and Chemicals, Inc.",2011602,APD-US,Materials,-0.00 ,0.09 ,0.09 ,-0.24 ,-0.05 ,0.03 ,0.06 ,-0.05 ,0.12 ,0.09 ,0.11,0.15,0.06,-0.16,0.17,0.06,0.01,-0.09,0.13,0.26,0.33,0.11,0.01,0.19,-0.01,0.24,0.28,0.09,-0.09,0.08
AKAM,"Akamai Technologies, Inc.",2507457,AKAM-US,Information Technology,0.07 ,0.09 ,0.06 ,0.06 ,0.12 ,0.24 ,0.15 ,0.19 ,0.13 ,0.19 ,0.39,0.04,-0.16,0.00,-0.05,0.21,0.34,0.05,0.17,0.12,0.41,-0.10,-0.04,0.24,-0.17,0.33,0.16,0.27,-0.35,1.02
ALK,"Alaska Air Group, Inc.",2012605,ALK-US,Industrials,0.06 ,0.05 ,0.33 ,0.06 ,0.04 ,0.08 ,0.07 ,0.08 ,0.13 ,0.13 ,0.53,-0.45,-0.09,0.09,0.42,0.37,0.16,0.19,0.03,0.71,0.11,-0.17,-0.17,0.09,0.28,0.56,0.66,0.14,0.31,0.66
ALB,Albemarle Corporation,2046853,ALB-US,Materials,0.06 ,0.10 ,0.15 ,-0.05 ,0.16 ,-0.07 ,-0.05 ,-0.04 ,0.21 ,0.18 ,-0.05,0.16,0.22,0.08,0.44,-0.47,0.21,-0.13,0.39,1.01,-0.05,-0.42,0.46,0.54,0.34,-0.08,-0.08,0.21,-0.10,0.54
ARE,"Alexandria Real Estate Equities, Inc.",2009210,ARE-US,Real Estate,0.15 ,0.20 ,0.22 ,0.09 ,0.16 ,0.17 ,0.09 ,-0.02 ,0.18 ,0.01 ,0.23,0.61,0.22,0.01,0.16,0.18,0.24,-0.26,0.06,-0.06,0.53,-0.02,0.34,0.49,0.03,0.40,0.03,0.03,0.05,0.43
ALXN,"Alexion Pharmaceuticals, Inc.",2036070,ALXN-US,Health Care,0.20 ,0.17 ,0.17 ,0.21 ,0.12 ,0.46 ,0.35 ,0.42 ,0.48 ,0.39 ,0.30,0.68,0.34,0.28,-0.37,0.66,0.39,0.54,0.77,0.69,0.10,-0.18,-0.03,-0.36,0.17,0.41,0.43,0.38,0.80,0.70
ALGN,"Align Technology, Inc.",2679204,ALGN-US,Health Care,0.22 ,0.33 ,0.36 ,0.27 ,0.12 ,0.17 ,0.17 ,0.17 ,0.24 ,0.24 ,0.10,0.32,0.42,0.32,-0.03,0.19,0.32,0.20,0.04,1.67,0.31,-0.06,1.33,0.46,0.17,-0.03,1.06,0.20,0.25,0.12
AGN,Allergan plc,BY9D546,AGN-US,Health Care,0.02 ,-0.01 ,0.09 ,0.15 ,-0.03 ,0.51 ,0.47 ,0.29 ,0.29 ,0.28 ,3.00,-2.93,-0.66,3.18,-1.35,-0.47,0.21,-0.04,0.65,-0.20,0.41,-0.18,-0.23,-0.43,0.80,1.34,1.66,0.43,0.18,0.33
ADS,Alliance Data Systems Corporation,2762030,ADS-US,Information Technology,-0.02 ,-0.27 ,0.08 ,0.11 ,0.21 ,0.23 ,0.19 ,0.15 ,0.14 ,0.42 ,-0.14,0.08,0.28,-0.05,0.10,0.11,0.13,0.20,0.29,0.63,-0.33,-0.43,0.07,-0.22,-0.08,0.35,0.89,0.39,0.42,0.08
LNT,Alliant Energy Corp,2973821,LNT-US,Utilities,0.03 ,0.05 ,0.02 ,0.02 ,-0.03 ,0.02 ,0.06 ,-0.16 ,0.07 ,-0.00 ,0.12,0.06,0.05,0.08,0.06,0.02,0.03,0.09,-0.14,0.40,0.34,0.01,0.14,0.22,-0.04,0.29,0.17,0.00,0.20,0.22
GOOGL,Alphabet Inc. Class A,BYVY8G0,GOOGL-US,Communication Services,0.18 ,0.23 ,0.24 ,0.22 ,0.12 ,0.10 ,0.20 ,0.32 ,0.30 ,0.25 ,0.13,0.09,0.25,0.29,0.08,0.19,0.07,0.08,0.20,0.27,0.27,-0.01,0.34,0.02,0.48,-0.04,0.61,0.11,0.10,-0.03
MO,Altria Group Inc,2692632,MO-US,Consumer Staples,0.01 ,0.01 ,0.01 ,0.03 ,0.05 ,0.02 ,0.01 ,0.02 ,0.01 ,0.00 ,0.08,-0.04,0.02,0.05,0.06,0.00,0.02,0.04,0.04,0.02,0.00,-0.32,0.03,0.15,0.17,0.27,0.21,0.04,0.18,0.26
AMZN,"Amazon.com, Inc.",2000019,AMZN-US,Consumer Discretionary,0.20 ,0.31 ,0.31 ,0.27 ,0.20 ,0.20 ,0.22 ,0.27 ,0.41 ,0.40 ,0.16,1.94,-0.01,0.81,6.73,-0.64,0.03,-0.18,-0.33,0.23,0.25,0.30,0.58,0.12,1.21,-0.21,0.61,0.45,-0.03,0.36
AEE,Ameren Corporation,2050832,AEE-US,Utilities,-0.06 ,0.02 ,0.02 ,-0.00 ,0.01 ,0.04 ,-0.14 ,-0.09 ,-0.01 ,0.06 ,-0.07,-0.04,0.02,0.10,0.00,0.06,-0.13,-0.01,-0.09,0.02,0.19,0.11,0.12,0.21,-0.06,0.28,0.18,-0.07,0.19,0.02
AEP,"American Electric Power Company, Inc.",2026242,AEP-US,Utilities,-0.04 ,0.05 ,-0.06 ,-0.00 ,-0.03 ,0.11 ,0.03 ,-0.01 ,0.05 ,0.08 ,0.00,-0.19,-0.02,0.03,0.06,0.04,0.02,0.06,0.09,-0.02,0.27,0.02,0.17,0.08,-0.04,0.30,0.10,0.04,0.06,0.13
AXP,American Express Company,2026082,AXP-US,Financials,0.09 ,0.11 ,0.11 ,0.02 ,-0.04 ,0.03 ,0.03 ,0.05 ,0.07 ,0.14 ,0.01,0.18,-0.01,0.00,-0.05,0.09,0.09,0.11,0.02,0.02,0.25,-0.05,0.27,-0.01,-0.29,-0.01,0.52,0.16,0.07,0.06
AMT,American Tower Corporation,B7FBFL2,AMT-US,Real Estate,0.02 ,0.12 ,0.15 ,0.21 ,0.16 ,0.22 ,0.17 ,0.18 ,0.24 ,0.15 ,0.19,0.06,0.17,0.16,0.08,0.22,0.09,0.22,0.23,0.16,0.46,0.14,0.36,0.10,0.05,0.24,0.03,0.29,0.15,0.19
AWK,"American Water Works Company, Inc.",B2R3PV1,AWK-US,Utilities,0.05 ,0.02 ,0.02 ,0.05 ,0.05 ,0.04 ,0.01 ,0.08 ,-0.02 ,0.11 ,0.08,-0.10,0.16,0.00,0.07,0.06,0.02,0.15,0.07,0.20,0.35,0.00,0.27,0.21,0.12,0.27,0.15,0.17,0.26,0.13
ABC,AmerisourceBergen Corporation,2795393,ABC-US,Health Care,0.07 ,0.10 ,0.04 ,0.08 ,0.14 ,0.36 ,0.11 ,-0.01 ,0.03 ,0.09 ,0.13,-0.18,0.20,0.29,0.10,0.20,-0.23,0.04,0.13,0.21,-0.13,0.09,0.01,-0.10,0.15,0.22,0.54,-0.06,0.14,0.32
AME,"AMETEK, Inc.",2089212,AME-US,Industrials,0.06 ,0.13 ,0.12 ,-0.03 ,-0.01 ,0.12 ,0.08 ,0.12 ,0.21 ,0.18 ,0.09,0.21,0.05,-0.11,0.05,0.10,0.09,0.17,0.32,0.32,0.49,-0.08,0.50,-0.12,-0.01,-0.02,0.41,0.35,0.07,0.53
AMGN,Amgen Inc.,2023607,AMGN-US,Health Care,-0.02 ,0.04 ,0.00 ,0.06 ,0.06 ,0.07 ,0.09 ,0.10 ,0.05 ,0.02 ,-0.07,0.03,0.05,0.17,0.19,0.15,0.03,0.10,-0.05,0.00,0.16,-0.02,0.16,-0.12,0.01,0.41,0.32,0.28,0.00,-0.09
APH,Amphenol Corporation Class A,2145084,APH-US,Information Technology,0.00 ,0.17 ,0.12 ,0.13 ,0.04 ,0.16 ,0.08 ,0.09 ,0.11 ,0.26 ,-0.03,0.18,0.15,0.12,0.06,0.16,0.09,0.10,0.08,0.43,0.33,-0.10,0.30,0.29,-0.04,0.18,0.36,0.40,-0.20,0.16
ADI,"Analog Devices, Inc.",2032067,ADI-US,Information Technology,-0.04 ,0.22 ,0.49 ,-0.00 ,0.20 ,0.09 ,-0.02 ,-0.10 ,0.08 ,0.37 ,-0.08,0.67,0.11,0.27,0.00,0.06,-0.07,-0.21,0.16,1.63,0.25,-0.04,0.72,0.04,0.21,0.00,0.29,0.07,0.12,0.34
ANSS,"ANSYS, Inc.",2045623,ANSS-US,Information Technology,0.17 ,0.18 ,0.11 ,0.05 ,0.01 ,0.09 ,0.08 ,0.15 ,0.19 ,0.12 ,0.08,0.18,0.06,0.07,0.02,0.08,0.09,0.10,0.20,0.19,0.85,-0.04,0.57,-0.03,0.10,-0.08,0.29,0.18,0.11,0.22
AON,Aon plc,B5BT0K0,AON-US,Financials,0.02 ,0.08 ,0.06 ,-0.19 ,-0.03 ,0.02 ,0.03 ,0.02 ,0.32 ,0.12 ,0.27,0.41,-0.04,-0.14,-0.08,-0.09,0.11,-0.03,0.19,0.00,0.39,0.05,0.14,0.17,-0.06,0.05,0.46,0.14,-0.01,0.50
APA,Apache Corporation,2043962,APA-US,Energy,-0.14 ,0.25 ,0.10 ,-0.18 ,-0.49 ,-0.20 ,-0.05 ,-0.01 ,0.40 ,0.43 ,-0.81,1.36,-5.87,-0.93,-1.58,-0.28,-0.09,-0.21,0.50,0.73,-0.02,-0.39,-0.33,0.43,-0.29,-0.31,0.11,-0.12,-0.24,0.31
AIV,Apartment Investment & Management Co Class A,BJLNBG3,AIV-US,Real Estate,-0.06 ,-0.03 ,0.01 ,0.01 ,-0.00 ,0.01 ,-0.06 ,-0.04 ,-0.06 ,-0.04 ,-0.27,-0.06,-0.07,-0.04,-0.03,0.05,0.20,0.22,0.30,0.10,0.18,-0.05,-0.04,0.14,0.15,0.44,-0.04,0.42,-0.09,0.64
AAPL,Apple Inc.,2046251,AAPL-US,Information Technology,-0.02 ,0.16 ,0.07 ,-0.07 ,0.26 ,0.07 ,0.10 ,0.44 ,0.67 ,0.53 ,-0.11,0.18,0.03,-0.12,0.27,0.09,-0.12,0.58,0.89,0.61,-0.09,0.36,0.31,-0.06,0.08,0.36,-0.31,0.67,0.40,0.63
AMAT,"Applied Materials, Inc.",2046552,AMAT-US,Information Technology,-0.13 ,0.15 ,0.34 ,0.12 ,0.06 ,0.21 ,-0.14 ,-0.17 ,0.10 ,0.90 ,-0.25,0.17,0.67,0.40,0.11,1.03,-0.40,-0.49,0.19,-10.43,0.63,-0.48,0.94,0.62,-0.26,0.20,0.67,-0.23,0.00,-0.06
ADM,Archer-Daniels-Midland Company,2047317,ADM-US,Consumer Staples,0.01 ,0.06 ,-0.03 ,-0.08 ,-0.17 ,-0.09 ,-0.04 ,0.15 ,0.31 ,-0.11 ,-0.15,0.69,-0.39,0.41,-0.58,0.53,0.61,-0.62,0.57,-0.44,0.13,0.03,-0.15,0.20,-0.34,0.16,0.58,-0.11,0.24,-0.04
AJG,Arthur J. Gallagher & Co.,2359506,AJG-US,Financials,0.03 ,0.11 ,0.09 ,0.04 ,0.17 ,0.46 ,0.26 ,0.18 ,0.15 ,0.08 ,0.22,0.19,0.11,0.18,0.06,0.12,0.10,0.26,0.06,-0.04,0.32,0.18,0.24,0.28,-0.07,0.24,0.44,0.13,0.22,0.37
T,AT&T Inc.,2831811,T-US,Communication Services,0.06 ,0.06 ,-0.02 ,0.12 ,0.11 ,0.03 ,0.01 ,0.01 ,0.02 ,0.01 ,0.11,0.16,-0.09,-0.03,0.92,-0.55,1.35,0.07,-0.38,-0.07,0.36,-0.13,-0.09,0.23,0.21,-0.05,-0.02,0.05,0.03,0.05
ATO,Atmos Energy Corporation,2315359,ATO-US,Utilities,-0.07 ,0.13 ,0.12 ,-0.41 ,-0.16 ,0.27 ,0.13 ,-0.21 ,-0.08 ,-0.05 ,0.02,0.01,0.02,0.08,0.08,0.23,0.00,0.05,0.10,-0.05,0.30,0.17,0.15,0.31,0.23,0.24,0.20,0.10,0.11,0.01
ADSK,"Autodesk, Inc.",2065159,ADSK-US,Information Technology,0.27 ,0.26 ,0.01 ,-0.18 ,-0.01 ,0.11 ,-0.02 ,0.04 ,0.14 ,0.12 ,11.65,-1.07,0.00,14.23,-1.24,-0.59,-0.15,-0.04,0.32,0.89,-0.14,0.28,0.41,0.71,-0.14,0.06,0.34,0.07,-0.12,0.70
ADP,"Automatic Data Processing, Inc.",2065308,ADP-US,Information Technology,0.06 ,0.08 ,0.06 ,0.07 ,-0.10 ,0.08 ,0.06 ,0.08 ,0.11 ,0.01 ,0.17,0.07,0.08,0.12,-0.09,0.09,0.04,0.07,0.03,-0.03,0.22,0.29,0.09,0.12,-0.02,0.15,0.23,0.04,0.31,0.11
AZO,"AutoZone, Inc.",2065955,AZO-US,Consumer Discretionary,0.06 ,0.03 ,0.02 ,0.04 ,0.08 ,0.04 ,0.06 ,0.07 ,0.10 ,0.08 ,0.04,0.03,0.01,0.05,0.07,0.01,0.12,0.09,0.13,0.12,0.34,0.35,-0.33,-0.01,0.28,0.21,0.07,0.12,0.25,0.28
AVB,"AvalonBay Communities, Inc.",2131179,AVB-US,Real Estate,0.02 ,0.06 ,0.06 ,0.09 ,0.10 ,0.20 ,0.35 ,0.07 ,0.08 ,0.05 ,0.00,0.04,0.05,0.10,0.11,2.10,-0.46,0.11,0.22,-0.02,0.22,-0.02,0.01,-0.04,0.17,0.41,-0.01,0.25,0.29,0.44
AVY,Avery Dennison Corporation,2066408,AVY-US,Materials,-0.01 ,0.08 ,0.09 ,0.02 ,-0.06 ,0.03 ,0.02 ,0.00 ,0.04 ,-0.03 ,0.01,0.08,0.25,0.13,-0.02,0.10,0.28,0.06,0.19,-0.02,0.46,-0.26,0.63,0.10,0.20,-0.04,0.41,0.13,-0.32,0.16
BLL,Ball Corporation,2073022,BLL-US,Materials,-0.02 ,0.06 ,0.21 ,0.13 ,-0.07 ,0.01 ,-0.03 ,0.03 ,0.12 ,0.04 ,0.09,-0.22,0.71,-0.16,-0.16,0.08,-0.06,0.21,0.04,0.01,0.36,0.16,0.01,0.27,0.11,0.27,0.10,0.17,-0.02,0.21
BAX,Baxter International Inc.,2085102,BAX-US,Health Care,0.05 ,0.04 ,0.02 ,-0.07 ,-0.28 ,0.05 ,0.02 ,0.06 ,0.04 ,0.02 ,0.12,0.38,0.87,-0.26,-0.72,0.01,-0.09,0.08,0.04,0.13,-0.04,0.46,0.15,-0.47,0.05,0.04,0.31,-0.06,-0.17,0.07
BDX,"Becton, Dickinson and Company",2087807,BDX-US,Health Care,0.08 ,0.32 ,-0.03 ,0.21 ,0.22 ,0.05 ,0.04 ,0.02 ,0.02 ,0.05 ,0.29,0.00,0.04,0.44,-0.11,0.04,0.03,-0.06,-0.03,0.08,-0.02,0.57,0.17,0.37,0.28,0.13,0.25,-0.02,-0.08,0.03
BRK.B,Berkshire Hathaway Inc. Class B,2073390,BRK.B-US,Financials,0.03 ,0.03 ,0.08 ,0.06 ,0.08 ,0.08 ,0.12 ,0.10 ,0.06 ,0.23 ,0.02,0.33,-0.32,-0.05,0.19,0.08,0.25,0.11,-0.10,0.78,0.10,0.03,0.22,0.24,-0.12,0.27,0.32,0.17,-0.05,0.29
BIIB,Biogen Inc.,2455965,BIIB-US,Health Care,0.05 ,0.10 ,0.08 ,0.09 ,0.09 ,0.46 ,0.32 ,0.06 ,0.10 ,0.05 ,0.13,0.09,0.06,0.25,0.25,1.01,0.84,-0.18,0.40,0.18,-0.13,-0.12,0.10,-0.09,-0.16,0.21,0.91,0.30,0.65,0.10
BLK,"BlackRock, Inc.",2494504,BLK-US,Financials,0.05 ,0.03 ,0.23 ,-0.03 ,0.03 ,0.07 ,0.11 ,0.04 ,0.04 ,0.84 ,0.07,0.03,0.16,-0.02,0.04,0.07,0.17,0.08,0.04,1.11,0.25,-0.25,0.34,0.10,-0.06,0.12,0.51,0.41,-0.01,0.74
BA,Boeing Company,2108601,BA-US,Industrials,-0.24 ,0.08 ,-0.01 ,-0.02 ,0.06 ,0.05 ,0.06 ,0.19 ,0.07 ,-0.06 ,-1.16,0.17,0.83,-0.23,0.00,0.14,0.05,0.09,0.18,1.51,0.00,0.05,0.81,0.00,0.05,-0.10,0.79,0.04,0.14,0.17
BKNG,Booking Holdings Inc.,BDRXDB4,BKNG-US,Consumer Discretionary,0.04 ,0.15 ,0.18 ,0.16 ,0.09 ,0.24 ,0.29 ,0.21 ,0.41 ,0.32 ,0.00,0.12,0.24,0.18,0.06,0.26,0.31,0.33,0.77,0.67,0.08,-0.07,0.17,0.14,0.07,-0.02,0.95,0.33,0.19,0.97
BWA,BorgWarner Inc.,2111955,BWA-US,Consumer Discretionary,-0.03 ,0.08 ,0.08 ,0.13 ,-0.03 ,0.12 ,0.04 ,0.01 ,0.26 ,0.42 ,-0.04,0.06,0.09,0.08,-0.02,0.14,0.14,0.03,0.52,4.29,0.24,-0.33,0.29,-0.12,-0.24,-0.02,0.54,0.20,-0.15,1.09
BXP,"Boston Properties, Inc.",2019479,BXP-US,Real Estate,0.09 ,0.04 ,0.02 ,0.03 ,0.04 ,0.12 ,0.14 ,0.07 ,0.13 ,0.02 ,0.14,0.01,0.10,-0.02,0.06,0.16,0.06,0.03,0.03,0.02,0.23,-0.13,0.04,-0.01,-0.01,0.28,-0.04,0.09,0.22,0.30
BSX,Boston Scientific Corporation,2113434,BSX-US,Health Care,0.09 ,0.09 ,0.08 ,0.13 ,0.01 ,0.02 ,-0.01 ,-0.05 ,-0.02 ,-0.05 ,-0.01,0.14,0.23,0.56,-0.07,-0.03,-0.12,-0.11,0.05,-0.18,0.29,0.44,0.16,0.19,0.41,0.11,1.05,0.00,-0.33,-0.15
BMY,Bristol-Myers Squibb Company,2126335,BMY-US,Health Care,0.16 ,0.09 ,0.07 ,0.17 ,0.04 ,-0.03 ,-0.07 ,-0.17 ,0.09 ,0.04 ,0.01,0.22,0.01,0.32,0.26,0.00,-0.27,-0.37,0.10,0.22,0.69,-0.15,0.02,-0.15,0.17,0.12,0.63,-0.10,0.32,0.04
AVGO,Broadcom Inc.,BDZ78H9,AVGO-US,Information Technology,0.08 ,0.18 ,0.33 ,0.94 ,0.60 ,0.69 ,0.07 ,0.01 ,0.12 ,0.41 ,-0.20,1.01,2.43,-0.58,1.61,0.24,-0.02,-0.01,0.25,4.73,0.31,-0.13,0.53,0.98,0.55,0.97,0.34,0.01,0.40,0.68
BR,"Broadridge Financial Solutions, Inc.",B1VP7R6,BR-US,Information Technology,-0.03 ,0.04 ,0.43 ,0.09 ,0.06 ,0.06 ,0.06 ,0.06 ,-0.02 ,0.02 ,-0.18,0.10,0.09,0.12,0.17,0.30,0.20,0.03,-0.24,-0.05,0.09,0.52,0.14,0.30,0.19,0.57,0.19,-0.11,0.21,0.07
BF.B,Brown-Forman Corporation Class B,2146838,BF.B-US,Consumer Staples,0.01 ,0.11 ,-0.03 ,-0.01 ,0.03 ,0.05 ,0.05 ,0.05 ,0.04 ,0.02 ,0.07,0.13,-0.05,0.00,0.03,0.07,0.13,-0.02,0.08,0.21,-0.06,0.48,-0.05,0.01,-0.02,0.27,0.23,0.18,0.22,0.22
CHRW,"C.H. Robinson Worldwide, Inc.",2116228,CHRW-US,Industrials,-0.08 ,0.12 ,0.13 ,-0.02 ,0.00 ,0.06 ,0.12 ,0.10 ,0.11 ,0.22 ,-0.13,0.18,-0.07,-0.02,0.15,0.10,0.00,-0.01,0.11,0.07,-0.09,-0.07,0.20,0.16,-0.19,0.25,-0.14,-0.11,-0.14,0.36
COG,Cabot Oil & Gas Corporation,2162340,COG-US,Energy,-0.07 ,0.23 ,0.46 ,-0.08 ,-0.38 ,0.24 ,0.74 ,0.08 ,0.33 ,0.38 ,0.07,0.74,-5.87,1.06,-1.05,0.66,23.01,-0.88,4.59,-1.47,-0.27,-0.28,0.21,0.48,-0.40,-0.24,0.54,0.32,1.01,-0.13
CDNS,"Cadence Design Systems, Inc.",2302232,CDNS-US,Information Technology,0.09 ,0.10 ,0.07 ,0.07 ,0.08 ,0.08 ,0.10 ,0.15 ,0.23 ,0.10 ,0.23,0.22,0.16,-0.01,0.33,0.01,0.02,0.75,-41.06,-0.97,0.62,0.03,0.68,0.09,0.17,0.37,0.06,0.33,0.29,0.37
CPB,Campbell Soup Company,2162845,CPB-US,Consumer Staples,0.23 ,-0.16 ,-0.01 ,-0.01 ,-0.02 ,0.03 ,0.12 ,-0.07 ,0.01 ,0.01 ,0.07,-0.33,0.47,-0.03,-0.06,0.05,0.09,-0.19,-0.02,0.10,0.00,-0.23,-0.17,0.25,0.16,-0.11,0.42,-0.02,-0.12,0.13
CAH,"Cardinal Health, Inc.",2175672,CAH-US,Health Care,0.06 ,0.05 ,0.07 ,0.19 ,0.13 ,-0.10 ,-0.06 ,0.05 ,0.04 ,-0.01 ,-0.28,0.02,-0.15,0.23,0.15,-0.03,0.10,0.13,0.24,-0.36,-0.07,-0.39,-0.02,-0.08,0.19,0.44,0.11,-0.10,0.33,0.09
KMX,"CarMax, Inc.",2983563,KMX-US,Consumer Discretionary,0.06 ,0.08 ,0.05 ,0.06 ,0.13 ,0.15 ,0.10 ,0.11 ,0.20 ,0.07 ,0.04,0.06,-0.04,0.07,0.25,0.12,-0.06,0.09,0.32,1.38,-0.07,-0.08,0.34,-0.36,0.31,0.24,0.24,-0.13,0.77,1.17
CCL.U,Carnival Corporation,2523044,CCL-US,Consumer Discretionary,0.10 ,0.08 ,0.07 ,0.04 ,-0.01 ,0.03 ,0.00 ,-0.03 ,0.09 ,0.10 ,-0.01,0.04,0.04,0.19,0.44,0.16,-0.16,-0.19,0.00,0.06,-0.27,-0.11,0.26,-0.04,0.14,0.22,-0.07,0.16,-0.21,0.29
CAT,Caterpillar Inc.,2180201,CAT-US,Industrials,-0.02 ,0.20 ,0.18 ,-0.18 ,-0.15 ,-0.01 ,-0.16 ,0.10 ,0.41 ,0.31 ,-0.02,0.53,1.68,-0.55,-0.19,-0.02,-0.34,0.24,0.77,2.06,0.11,-0.22,0.73,0.37,-0.29,-0.04,-0.01,0.00,-0.02,0.68
CBRE,"CBRE Group, Inc. Class A",B6WVMH3,CBRE-US,Real Estate,0.12 ,0.15 ,0.43 ,0.20 ,0.20 ,0.26 ,0.10 ,0.10 ,0.15 ,0.23 ,0.24,0.06,0.32,-0.03,0.11,0.01,0.17,0.17,0.13,0.75,0.52,-0.08,0.38,-0.08,0.01,0.31,0.33,0.32,-0.25,0.52
CE,Celanese Corporation,B05MZT4,CE-US,Materials,-0.12 ,0.17 ,0.14 ,-0.05 ,-0.17 ,0.04 ,0.01 ,-0.05 ,0.14 ,0.16 ,-0.22,0.45,0.02,0.25,-0.04,-0.20,0.76,-0.28,0.36,0.42,0.28,-0.21,0.31,0.12,0.08,0.06,0.22,0.03,0.08,0.38
CNP,"CenterPoint Energy, Inc.",2440637,CNP-US,Utilities,0.15 ,0.12 ,0.25 ,0.04 ,-0.21 ,0.13 ,0.09 ,-0.10 ,-0.04 ,0.07 ,0.22,-0.12,0.10,0.00,0.01,-0.11,-0.23,-0.01,0.01,0.16,-0.03,0.16,0.15,0.34,-0.22,0.01,0.21,-0.04,0.28,0.18
CTL,"CenturyLink, Inc.",2185046,CTL-US,Communication Services,-0.04 ,0.33 ,0.01 ,-0.02 ,-0.01 ,-0.00 ,-0.02 ,0.20 ,1.18 ,0.42 ,0.09,0.53,-0.06,-0.03,0.06,-0.13,0.01,0.12,0.14,0.45,-0.12,-0.08,0.37,-0.05,-0.39,0.21,-0.24,0.06,0.63,0.30
CERN,Cerner Corporation,2185284,CERN-US,Health Care,0.06 ,0.04 ,0.07 ,0.08 ,0.30 ,0.17 ,0.09 ,0.21 ,0.19 ,0.11 ,-0.11,-0.19,0.01,0.09,0.12,0.14,0.19,0.24,0.28,0.25,0.35,-0.25,0.43,-0.24,-0.08,0.17,0.46,0.26,0.32,0.16
CF,"CF Industries Holdings, Inc.",B0G4K50,CF-US,Materials,0.04 ,0.07 ,0.12 ,-0.14 ,-0.09 ,-0.13 ,-0.10 ,0.00 ,0.54 ,0.52 ,0.36,1.10,-0.39,-0.68,0.03,-0.30,-0.24,0.04,1.59,0.39,0.06,-0.02,0.35,-0.23,-0.28,0.01,0.02,0.35,-0.02,1.18
SCHW,Charles Schwab Corporation,2779397,SCHW-US,Financials,0.07 ,0.23 ,0.17 ,0.19 ,0.06 ,0.10 ,0.09 ,0.03 ,0.09 ,0.02 ,0.01,0.26,0.24,0.35,0.08,0.18,0.11,0.03,0.24,-0.13,0.11,-0.20,0.31,0.21,0.10,0.17,0.84,0.28,-0.30,-0.06
CHTR,"Charter Communications, Inc. Class A",BZ6VT82,CHTR-US,Communication Services,0.05 ,0.05 ,0.43 ,1.97 ,0.07 ,0.12 ,0.09 ,0.04 ,0.02 ,0.05 ,0.21,0.23,0.29,1.70,0.23,0.08,0.03,-0.11,0.00,-0.09,0.59,-0.20,0.03,2.76,0.10,0.29,0.88,0.35,0.28,0.09
CVX,Chevron Corporation,2838555,CVX-US,Energy,-0.12 ,0.18 ,0.22 ,-0.15 ,-0.35 ,-0.09 ,-0.04 ,-0.06 ,0.23 ,0.18 ,-1.00,4.31,-1.44,0.45,-1.21,-0.30,-0.22,-0.09,0.50,0.74,0.10,-0.13,0.07,0.31,-0.20,-0.12,0.14,0.00,0.15,0.19
CMG,"Chipotle Mexican Grill, Inc.",B0X7DZ3,CMG-US,Consumer Discretionary,0.15 ,0.09 ,0.15 ,-0.13 ,0.10 ,0.28 ,0.18 ,0.20 ,0.24 ,0.21 ,0.25,0.32,4.12,-0.93,0.08,0.33,0.17,0.29,0.21,0.40,0.94,0.48,-0.25,-0.26,-0.31,0.28,0.79,-0.12,0.60,1.38
CHD,"Church & Dwight Co., Inc.",2195841,CHD-US,Consumer Staples,0.05 ,0.10 ,0.08 ,0.03 ,0.03 ,0.03 ,0.09 ,0.06 ,0.06 ,0.03 ,0.07,0.08,0.01,0.08,0.04,0.03,0.14,0.10,0.10,0.05,0.06,0.31,0.11,0.02,0.05,0.14,0.24,0.14,0.32,0.15
CTAS,Cintas Corporation,2197137,CTAS-US,Industrials,0.06 ,0.22 ,0.11 ,0.07 ,-0.02 ,0.05 ,0.05 ,0.08 ,0.07 ,-0.06 ,0.16,0.16,0.11,0.10,0.14,0.10,0.03,0.23,0.07,-0.12,0.18,0.48,0.31,0.04,0.32,0.30,0.20,0.03,0.14,0.12
CSCO,"Cisco Systems, Inc.",2198163,CSCO-US,Information Technology,0.05 ,0.03 ,-0.03 ,0.00 ,0.04 ,-0.03 ,0.06 ,0.07 ,0.08 ,0.11 ,0.14,-0.01,-0.02,0.11,0.22,-0.16,0.09,0.21,-0.06,0.21,0.22,0.25,0.02,0.06,0.09,-0.03,0.65,-0.04,-0.33,0.03
CTXS,"Citrix Systems, Inc.",2182553,CTXS-US,Information Technology,0.01 ,0.05 ,0.03 ,-0.16 ,0.04 ,0.08 ,0.13 ,0.17 ,0.18 ,0.16 ,-0.18,0.05,0.05,0.09,0.44,0.06,-0.04,-0.06,0.31,0.58,0.07,0.06,-0.09,0.20,0.13,-0.12,-0.05,0.08,-0.12,0.69
CLX,Clorox Company,2204026,CLX-US,Consumer Staples,0.01 ,0.03 ,0.04 ,0.02 ,0.03 ,-0.02 ,0.03 ,0.05 ,-0.00 ,-0.04 ,-0.02,0.00,0.05,0.07,0.04,0.00,0.09,-0.03,-0.07,-0.06,0.11,0.01,-0.04,0.34,0.14,0.09,0.15,0.06,0.02,0.11
CME,CME Group Inc. Class A,2965839,CME-US,Financials,0.11 ,0.21 ,0.01 ,0.08 ,0.07 ,0.06 ,0.01 ,-0.11 ,0.10 ,0.15 ,-0.02,0.15,0.04,0.13,0.12,0.08,-0.04,-0.16,0.12,0.15,0.07,0.35,0.27,0.28,0.03,0.14,0.56,0.04,-0.25,-0.04
CMS,CMS Energy Corporation,2219224,CMS-US,Utilities,-0.00 ,0.04 ,0.03 ,-0.01 ,-0.10 ,0.09 ,0.05 ,-0.04 ,0.01 ,0.04 ,0.07,-0.13,0.03,0.11,0.01,0.01,0.14,0.00,0.10,0.34,0.27,0.06,0.15,0.16,0.05,0.34,0.11,0.15,0.21,0.30
KO,Coca-Cola Company,2206657,KO-US,Consumer Staples,0.09 ,-0.02 ,-0.15 ,-0.05 ,-0.05 ,-0.02 ,-0.03 ,0.03 ,0.33 ,0.13 ,0.04,0.15,-0.06,-0.04,-0.09,-0.02,-0.03,0.02,0.21,0.07,0.17,0.03,0.10,-0.04,0.01,0.01,0.12,0.02,0.05,0.15
CTSH,Cognizant Technology Solutions Corporation Class A,2257019,CTSH-US,Information Technology,0.04 ,0.09 ,0.10 ,0.09 ,0.21 ,0.16 ,0.20 ,0.20 ,0.33 ,0.40 ,-0.03,0.07,0.13,0.03,0.09,0.10,0.26,0.30,0.36,0.35,-0.07,-0.12,0.23,-0.07,0.14,0.05,0.38,0.14,-0.12,0.65
CL,Colgate-Palmolive Company,2209106,CL-US,Consumer Staples,0.01 ,0.01 ,0.02 ,-0.05 ,-0.07 ,-0.01 ,0.02 ,0.02 ,0.08 ,0.02 ,-0.02,-0.04,0.01,0.00,-0.05,0.01,0.03,0.04,0.03,0.01,0.15,-0.22,0.14,-0.03,-0.05,0.05,0.23,0.10,0.12,-0.02
CMCSA,Comcast Corporation Class A,2044545,CMCSA-US,Communication Services,0.15 ,0.11 ,0.06 ,0.08 ,0.08 ,0.06 ,0.03 ,0.12 ,0.47 ,0.06 ,0.11,0.08,0.04,0.04,0.07,0.12,0.11,0.12,0.36,0.11,0.33,-0.17,0.13,0.19,-0.07,0.09,0.37,0.54,0.05,0.28
CAG,"Conagra Brands, Inc.",2215460,CAG-US,Consumer Staples,0.20 ,0.01 ,-0.10 ,-0.27 ,-0.25 ,0.02 ,0.17 ,0.08 ,0.02 ,-0.05 ,0.47,-0.15,0.52,-0.47,1.03,-0.53,0.74,-0.35,0.14,-0.02,-0.08,-0.06,-0.18,0.20,0.24,-0.09,0.42,0.00,-0.04,0.30
CXO,Concho Resources Inc.,B1YWRK7,CXO-US,Energy,0.11 ,0.61 ,0.58 ,-0.09 ,-0.32 ,0.15 ,0.27 ,0.05 ,0.79 ,0.79 ,-0.32,1.56,-2.78,0.14,-1.40,-0.20,0.12,-0.19,0.88,1.68,-0.16,-0.08,0.15,0.62,0.06,-0.01,0.35,-0.13,0.08,1.34
COP,ConocoPhillips,2685717,COP-US,Energy,-0.11 ,0.25 ,0.22 ,-0.19 ,-0.44 ,-0.05 ,-0.06 ,-0.08 ,-0.67 ,0.29 ,-0.23,2.75,-1.56,-0.14,-1.56,-0.25,-0.09,-0.12,0.06,0.51,-0.01,0.10,0.04,0.07,-0.32,-0.02,0.22,-0.24,-0.04,0.28
ED,"Consolidated Edison, Inc.",2216850,ED-US,Utilities,0.02 ,0.03 ,-0.00 ,-0.04 ,-0.03 ,0.04 ,0.01 ,-0.06 ,-0.02 ,0.02 ,0.05,-0.08,0.03,0.02,0.29,-0.07,-0.10,0.02,0.24,-0.21,0.23,-0.07,0.17,0.19,-0.03,0.19,0.00,-0.10,0.26,0.13
STZ,"Constellation Brands, Inc. Class A",2170473,STZ-US,Consumer Staples,0.07 ,0.03 ,0.12 ,0.09 ,0.24 ,0.74 ,0.06 ,-0.20 ,-0.01 ,-0.08 ,0.09,0.09,0.18,0.21,0.36,1.09,0.04,0.05,-0.01,-0.07,-0.22,0.33,0.10,0.26,0.44,0.90,0.93,-0.01,0.28,0.17
COO,"Cooper Companies, Inc.",2222631,COO-US,Health Care,0.05 ,0.18 ,0.09 ,0.09 ,0.05 ,0.08 ,0.10 ,0.09 ,0.14 ,0.08 ,0.15,0.03,0.17,0.15,0.04,0.06,0.13,0.28,0.08,0.36,0.12,0.08,0.36,0.17,-0.07,0.27,0.33,0.40,0.47,0.78
CPRT,"Copart, Inc.",2208073,CPRT-US,Industrials,0.13 ,0.25 ,0.14 ,0.11 ,-0.01 ,0.11 ,0.13 ,0.06 ,0.13 ,0.04 ,0.10,0.36,0.19,0.18,0.12,0.08,-0.04,0.12,0.11,0.06,0.33,0.85,0.31,0.28,0.03,0.03,0.38,0.03,-0.07,0.04
GLW,Corning Inc,2224701,GLW-US,Information Technology,0.02 ,0.12 ,0.08 ,0.03 ,-0.06 ,0.24 ,-0.02 ,0.02 ,0.19 ,0.23 ,-0.18,-0.04,0.09,0.16,-0.42,0.55,-0.01,-0.22,0.30,1.25,-0.07,-0.13,0.22,0.09,-0.29,0.17,0.34,-0.06,-0.35,0.01
COST,Costco Wholesale Corporation,2701271,COST-US,Consumer Staples,0.08 ,0.10 ,0.09 ,0.02 ,0.03 ,0.07 ,0.06 ,0.11 ,0.14 ,0.09 ,0.06,0.08,0.12,0.02,0.12,0.06,0.11,0.12,0.18,0.15,0.27,0.48,-0.04,0.17,0.16,0.08,0.15,0.26,0.38,0.08
CCI,Crown Castle International Corp,BTGQCX1,CCI-US,Real Estate,0.07 ,0.22 ,0.11 ,0.07 ,-0.00 ,0.21 ,0.24 ,0.20 ,0.08 ,0.11 ,0.11,0.28,0.13,-0.06,0.02,0.08,0.11,0.21,0.21,0.30,0.31,0.00,0.44,0.08,0.10,0.07,0.16,0.66,0.00,0.12
CSX,CSX Corporation,2160753,CSX-US,Industrials,-0.03 ,0.07 ,0.03 ,-0.06 ,-0.07 ,0.05 ,0.02 ,0.00 ,0.10 ,0.18 ,0.02,0.24,0.14,-0.09,-0.01,0.05,0.02,-0.01,0.11,0.34,0.10,0.04,0.47,0.32,-0.31,0.27,0.44,-0.10,-0.08,0.21
CMI,Cummins Inc.,2240202,CMI-US,Industrials,-0.01 ,0.16 ,0.16 ,-0.08 ,-0.01 ,0.11 ,-0.00 ,-0.04 ,0.36 ,0.23 ,0.05,0.25,0.07,-0.14,0.05,0.14,-0.10,-0.08,0.69,1.16,0.28,-0.28,0.27,0.49,-0.41,0.00,0.28,0.22,-0.22,1.36
CVS,CVS Health Corporation,2577609,CVS-US,Health Care,0.32 ,0.05 ,0.04 ,0.16 ,0.10 ,0.10 ,0.03 ,0.15 ,0.11 ,-0.02 ,0.18,0.08,-0.06,0.10,0.10,0.10,0.10,0.14,0.03,-0.04,0.14,0.15,-0.12,-0.22,-0.02,0.30,0.42,0.12,0.12,0.06
DHI,"D.R. Horton, Inc.",2250687,DHI-US,Consumer Discretionary,0.09 ,0.14 ,0.16 ,0.12 ,0.35 ,0.28 ,0.44 ,0.20 ,-0.17 ,0.20 ,0.01,0.23,0.20,0.21,0.41,0.27,1.58,3.33,-0.67,-1.36,0.22,0.06,0.33,0.04,0.45,0.19,-0.05,1.32,-0.19,-0.02
DHR,Danaher Corporation,2250870,DHR-US,Health Care,0.05 ,-0.07 ,0.09 ,0.17 ,-0.28 ,0.04 ,0.05 ,0.13 ,0.22 ,0.18 ,0.10,-0.03,0.05,0.24,-0.33,0.07,0.05,0.17,0.23,0.29,0.48,0.12,0.20,-0.16,0.06,0.12,0.40,0.19,0.04,0.28
DRI,"Darden Restaurants, Inc.",2289874,DRI-US,Consumer Discretionary,0.05 ,0.13 ,0.03 ,0.03 ,0.08 ,-0.27 ,0.07 ,0.07 ,0.05 ,-0.01 ,0.05,0.20,0.06,0.36,0.30,-0.47,-0.11,0.01,0.14,0.01,0.36,-0.02,0.30,0.03,0.27,-0.05,0.01,0.00,0.14,0.20
DVA,DaVita Inc.,2898087,DVA-US,Health Care,-0.00 ,0.05 ,0.02 ,-0.22 ,0.08 ,0.09 ,0.44 ,0.17 ,0.08 ,0.06 ,0.17,-0.07,-0.04,-0.09,0.03,-0.03,0.36,0.17,0.18,0.05,0.10,-0.35,0.06,-0.15,-0.10,0.21,0.16,0.64,0.06,0.10
DE,Deere & Company,2261203,DE-US,Industrials,0.05 ,0.26 ,0.12 ,-0.07 ,-0.20 ,-0.05 ,0.05 ,0.13 ,0.23 ,0.13 ,0.10,0.27,0.39,-0.02,-0.45,-0.12,0.10,0.09,0.29,0.41,0.30,-0.01,0.54,0.13,-0.16,-0.03,-0.08,0.08,-0.05,0.68
DAL,"Delta Air Lines, Inc.",B1W9D46,DAL-US,Industrials,0.06 ,0.08 ,0.04 ,-0.02 ,0.01 ,0.07 ,0.03 ,0.04 ,0.11 ,0.13 ,0.26,-0.13,-0.17,-0.13,0.76,0.50,0.17,0.51,-0.49,41.27,0.11,-0.14,0.10,-0.09,-0.03,0.74,1.31,0.48,-0.35,0.18
XRAY,"DENTSPLY SIRONA, Inc.",BYNPPC6,XRAY-US,Health Care,0.01 ,-0.00 ,0.07 ,0.40 ,-0.08 ,-0.01 ,0.01 ,0.15 ,0.14 ,0.03 ,0.23,-0.31,0.03,0.15,-0.05,0.07,0.08,0.19,-0.14,0.00,0.51,-0.44,0.12,0.56,0.14,0.09,0.22,0.14,0.02,-0.06
DVN,Devon Energy Corporation,2480677,DVN-US,Energy,-0.27 ,-0.01 ,-0.16 ,0.35 ,-0.56 ,0.66 ,0.20 ,-0.17 ,0.16 ,0.20 ,-0.77,0.94,83.00,-1.00,-2.42,0.30,0.91,-0.60,0.17,-1.67,-0.02,-0.53,-0.09,0.79,-0.47,0.00,0.19,-0.16,-0.26,0.03
DLR,"Digital Realty Trust, Inc.",B03GQS4,DLR-US,Real Estate,0.06 ,0.23 ,0.15 ,0.22 ,0.08 ,0.10 ,0.15 ,0.21 ,0.23 ,0.34 ,0.09,0.14,-0.03,0.39,-0.09,0.04,0.03,0.21,0.27,0.30,0.14,-0.06,0.50,0.41,0.23,0.43,-0.26,0.20,0.50,0.22
DISCA,"Discovery, Inc. Class A",B3D7K31,DISCA-US,Communication Services,0.06 ,0.53 ,0.06 ,0.02 ,0.02 ,0.13 ,0.23 ,0.06 ,0.12 ,0.07 ,0.21,0.16,0.06,0.02,-0.04,0.06,0.07,0.07,0.22,0.28,0.32,0.52,-0.25,-0.06,-0.27,-0.22,0.37,0.46,-0.10,0.36
DISH,DISH Network Corporation Class A,2303581,DISH-US,Communication Services,-0.06 ,-0.05 ,-0.05 ,0.01 ,0.03 ,0.05 ,-0.03 ,0.02 ,0.11 ,0.08 ,-0.13,0.07,-0.14,0.19,0.08,0.02,-0.09,-0.25,0.21,0.24,0.59,-0.48,-0.17,0.02,-0.21,0.27,0.61,0.29,0.46,-0.06
D,Dominion Energy Inc,2542049,D-US,Utilities,0.22 ,0.08 ,0.10 ,-0.01 ,-0.09 ,-0.05 ,0.04 ,-0.09 ,-0.05 ,0.04 ,0.18,-0.01,0.12,-0.01,0.24,-0.23,0.08,0.10,-0.12,0.52,0.43,-0.07,0.09,0.19,-0.10,0.20,0.26,-0.01,0.22,0.06
DOV,Dover Corporation,2278407,DOV-US,Industrials,0.02 ,0.03 ,0.00 ,-0.02 ,-0.10 ,0.08 ,-0.12 ,0.02 ,0.11 ,0.23 ,0.11,0.10,0.14,-0.23,-0.23,0.08,-0.09,0.06,0.18,0.70,0.62,-0.34,0.34,0.23,-0.19,-0.29,0.43,0.08,-0.02,0.40
DTE,DTE Energy Company,2280220,DTE-US,Utilities,-0.11 ,0.13 ,0.17 ,0.04 ,-0.16 ,0.27 ,0.10 ,0.01 ,0.03 ,0.07 ,-0.02,0.05,0.04,0.12,-0.07,0.24,0.00,-0.04,-0.05,0.27,0.24,0.02,0.11,0.23,-0.06,0.30,0.14,0.12,0.20,0.07
DUK,Duke Energy Corporation,B7VD3F2,DUK-US,Utilities,0.02 ,0.04 ,0.04 ,0.02 ,-0.07 ,-0.03 ,0.25 ,0.34 ,0.02 ,0.13 ,0.05,-0.09,0.06,0.10,-0.04,-0.07,0.29,0.40,-0.03,0.24,0.07,0.07,0.08,0.11,-0.17,0.21,0.08,0.53,0.24,0.05
DRE,Duke Realty Corporation,2284084,DRE-US,Real Estate,0.03 ,0.21 ,0.07 ,-0.23 ,-0.18 ,0.08 ,-0.02 ,-0.13 ,-0.09 ,0.04 ,0.12,0.20,0.07,-0.17,-0.07,0.28,0.13,-0.02,-0.16,-0.03,0.37,-0.04,0.03,0.30,0.04,0.42,0.27,0.27,-0.03,0.15
DD,"DuPont de Nemours, Inc.",BK0VN47,DD-US,Materials,-0.05 ,-0.64 ,0.30 ,-0.01 ,-0.16 ,0.02 ,0.00 ,-0.05 ,0.12 ,0.20 ,0.30,-0.70,0.22,-0.04,0.11,0.25,0.10,-0.02,0.25,0.83,-0.61,-0.27,1.39,0.21,0.09,-0.02,0.38,0.14,-0.15,0.25
DXC,DXC Technology Co.,BYXD7B3,DXC-US,Information Technology,-0.05 ,1.86 ,0.07 ,-0.12 ,-0.38 ,-0.13 ,-0.07 ,0.01 ,-0.01 ,-0.04 ,0.09,3.56,1.26,-2.25,-1.14,0.31,1.00,-0.60,-0.13,0.03,-0.40,1.93,1.06,-0.48,0.03,0.19,0.59,-0.39,-0.09,0.37
ETFC,E*TRADE Financial Corporation,2299011,ETFC-US,Financials,0.03 ,0.24 ,0.21 ,0.37 ,-0.22 ,-0.03 ,-0.11 ,-0.07 ,-0.02 ,-0.12 ,-0.04,0.36,0.29,1.81,-0.61,-0.12,-0.17,0.07,-0.16,-0.14,-0.07,-0.18,0.39,0.10,0.23,0.24,1.20,0.13,-0.36,0.06
EMN,Eastman Chemical Company,2298386,EMN-US,Materials,-0.09 ,0.06 ,0.06 ,-0.06 ,0.00 ,0.02 ,0.16 ,0.12 ,0.24 ,0.15 ,-0.10,-0.04,-0.01,-0.10,0.35,-0.35,1.08,-0.07,0.20,0.69,0.05,-0.23,0.20,0.10,-0.12,-0.08,0.17,0.96,-0.10,0.36
ETN,Eaton Corp. Plc,B8KQN82,ETN-US,Industrials,-0.01 ,0.06 ,0.03 ,-0.05 ,-0.08 ,0.02 ,0.35 ,0.02 ,0.17 ,0.16 ,0.03,0.11,0.08,-0.01,-0.04,0.12,0.31,0.07,0.37,1.20,0.35,-0.16,0.15,0.26,-0.25,-0.12,0.42,0.75,-0.16,0.63
EBAY,eBay Inc.,2293819,EBAY-US,Consumer Discretionary,-0.00 ,0.08 ,0.11 ,0.05 ,-0.02 ,-0.45 ,0.14 ,0.20 ,0.28 ,0.05 ,0.04,-0.02,-0.02,0.09,-0.14,-0.27,0.18,0.15,0.21,0.11,0.12,-0.34,0.20,-0.01,-0.53,-0.03,0.08,0.69,0.08,0.18
ECL,Ecolab Inc.,2304227,ECL-US,Materials,0.02 ,0.06 ,0.05 ,-0.03 ,-0.05 ,0.08 ,0.12 ,0.73 ,0.12 ,0.03 ,0.10,-0.10,0.10,0.01,-0.02,0.14,0.17,0.64,0.13,0.10,0.31,0.09,0.13,0.01,0.08,0.00,0.48,0.26,0.44,0.11
EIX,Edison International,2829515,EIX-US,Utilities,-0.02 ,0.03 ,0.04 ,0.03 ,-0.14 ,0.07 ,0.06 ,-0.07 ,0.02 ,-0.00 ,0.01,0.00,0.03,0.05,-0.23,0.15,0.01,0.10,-0.10,-0.20,0.48,-0.10,-0.12,0.22,-0.10,0.41,0.02,0.09,0.07,0.11
EW,Edwards Lifesciences Corporation,2567116,EW-US,Health Care,0.17 ,0.08 ,0.16 ,0.19 ,0.07 ,0.14 ,0.08 ,0.13 ,0.16 ,0.10 ,0.10,0.07,0.25,0.42,0.18,0.13,0.09,0.21,0.16,0.21,0.53,0.35,0.19,0.17,0.24,0.91,-0.30,0.28,-0.13,0.88
EA,Electronic Arts Inc.,2310194,EA-US,Communication Services,-0.04 ,0.07 ,0.10 ,-0.03 ,0.27 ,-0.06 ,-0.08 ,0.15 ,-0.02 ,-0.13 ,-0.30,0.16,0.44,-0.20,26.85,-0.67,0.90,-1.37,-0.69,0.52,-0.18,0.34,0.39,0.09,1.02,0.69,0.01,-0.19,0.06,0.05
LLY,Eli Lilly and Company,2516152,LLY-US,Health Care,0.04 ,-0.06 ,0.08 ,0.06 ,0.02 ,-0.15 ,0.02 ,-0.07 ,0.05 ,0.06 ,0.00,0.17,0.27,0.08,0.08,-0.40,0.11,-0.21,-0.07,0.06,0.03,0.32,0.15,-0.13,0.22,0.35,0.01,0.17,0.19,-0.02
EMR,Emerson Electric Co.,2313405,EMR-US,Industrials,0.06 ,0.14 ,0.05 ,-0.11 ,-0.34 ,-0.01 ,0.01 ,0.01 ,0.15 ,0.01 ,0.07,0.11,-0.04,-0.14,-0.24,0.03,-0.01,0.06,0.18,0.02,-0.15,0.19,0.15,0.21,-0.34,-0.05,0.31,0.15,-0.23,0.32
ETR,Entergy Corporation,2317087,ETR-US,Utilities,-0.03 ,0.01 ,0.04 ,-0.05 ,-0.12 ,0.11 ,0.14 ,-0.09 ,-0.02 ,0.08 ,0.67,-0.41,0.10,0.23,-0.37,0.16,0.11,-0.22,-0.05,0.06,0.47,0.11,0.11,0.08,-0.22,0.39,0.00,-0.12,0.02,-0.18
EOG,"EOG Resources, Inc.",2318024,EOG-US,Energy,-0.01 ,0.53 ,0.50 ,-0.13 ,-0.48 ,0.15 ,0.30 ,0.23 ,0.55 ,0.52 ,-0.22,2.64,-2.28,1.41,-1.09,0.18,0.82,0.18,0.86,2.17,-0.04,-0.19,0.07,0.50,-0.23,0.10,0.40,0.24,0.14,-0.05
EFX,Equifax Inc.,2319146,EFX-US,Industrials,0.03 ,0.01 ,0.07 ,0.18 ,0.09 ,0.06 ,0.07 ,0.10 ,0.05 ,0.02 ,-0.03,-0.41,-0.02,0.19,0.10,0.04,0.17,0.11,0.09,0.06,0.51,-0.21,0.00,0.07,0.37,0.15,0.29,0.41,0.06,0.12
ESS,"Essex Property Trust, Inc.",2316619,ESS-US,Real Estate,0.04 ,0.02 ,0.07 ,0.08 ,0.23 ,0.57 ,0.09 ,0.19 ,0.14 ,0.01 ,0.17,-0.15,0.33,0.14,0.43,0.31,0.02,0.39,0.20,-0.12,0.23,0.01,0.05,-0.03,0.19,1.45,0.00,0.12,0.33,0.48
EL,Estee Lauder Companies Inc. Class A,2320524,EL-US,Consumer Staples,0.08 ,0.16 ,0.05 ,0.04 ,-0.02 ,0.08 ,0.05 ,0.10 ,0.13 ,0.06 ,0.03,0.26,0.07,0.15,-0.17,0.22,0.12,0.15,0.30,0.73,0.26,0.48,0.06,0.03,0.14,0.11,0.21,0.01,0.88,0.71
EVRG,"Evergy, Inc.",BFMXGR0,EVRG-US,Utilities,0.20 ,0.66 ,0.00 ,0.04 ,-0.05 ,0.10 ,0.05 ,0.04 ,0.05 ,0.11 ,0.10,0.57,0.00,0.11,-0.02,0.09,0.03,0.16,0.02,0.33,0.02,0.93,-0.06,0.33,0.10,0.32,0.14,0.00,0.28,0.19
ES,Eversource Energy,BVVN4Q8,ES-US,Utilities,0.01 ,0.09 ,0.01 ,-0.04 ,0.03 ,0.06 ,0.16 ,0.40 ,-0.09 ,-0.10 ,-0.06,0.03,0.02,0.05,0.08,0.04,0.25,0.46,-0.16,0.07,0.36,0.03,0.14,0.08,-0.05,0.27,0.09,0.92,0.14,0.24
EXC,Exelon Corporation,2670519,EXC-US,Utilities,-0.07 ,0.08 ,0.04 ,0.14 ,0.08 ,0.07 ,0.04 ,0.24 ,0.02 ,0.07 ,-0.13,0.08,-0.12,0.48,0.30,-0.05,0.49,-0.61,0.03,0.00,0.02,0.15,0.16,0.28,-0.20,0.36,-0.08,-0.12,0.04,-0.15
EXPE,"Expedia Group, Inc.",B748CK2,EXPE-US,Consumer Discretionary,0.08 ,0.12 ,0.15 ,0.31 ,0.16 ,0.21 ,0.18 ,0.17 ,0.14 ,0.03 ,0.18,0.17,0.15,0.38,-0.28,0.15,-0.06,0.10,-0.04,-0.22,-0.07,-0.09,0.07,-0.09,0.72,0.20,0.09,1.14,-0.44,-0.08
EXPD,"Expeditors International of Washington, Inc.",2325507,EXPD-US,Industrials,0.00 ,0.18 ,0.13 ,-0.08 ,0.01 ,0.08 ,0.02 ,-0.03 ,0.03 ,0.46 ,-0.04,0.14,0.04,-0.07,0.21,0.08,0.04,-0.14,0.13,0.42,0.13,0.02,0.20,0.16,-0.04,-0.05,0.10,-0.06,-0.25,0.57
EXR,Extra Space Storage Inc.,B02HWR9,EXR-US,Real Estate,0.10 ,0.10 ,0.13 ,0.26 ,0.21 ,0.25 ,0.27 ,0.22 ,0.17 ,0.00 ,0.08,0.12,0.24,0.52,0.05,0.32,0.36,1.83,0.88,0.22,0.19,0.04,0.13,-0.11,0.60,0.40,0.21,0.75,0.51,0.52
XOM,Exxon Mobil Corporation,2326618,XOM-US,Energy,-0.08 ,0.18 ,0.18 ,-0.15 ,-0.35 ,-0.07 ,-0.07 ,-0.03 ,0.27 ,0.24 ,-0.45,0.52,14.14,-0.93,-0.62,-0.15,-0.19,-0.08,0.35,0.52,0.02,-0.19,-0.05,0.16,-0.17,-0.11,0.13,-0.03,0.10,0.13
FFIV,"F5 Networks, Inc.",2427599,FFIV-US,Information Technology,0.04 ,0.03 ,0.05 ,0.04 ,0.11 ,0.17 ,0.08 ,0.20 ,0.31 ,0.35 ,-0.15,0.06,0.04,0.01,0.12,0.14,0.02,0.22,0.52,0.82,-0.29,0.59,-0.07,0.00,-0.07,0.30,-0.19,0.46,-0.33,1.69
FAST,Fastenal Company,2332262,FAST-US,Industrials,0.07 ,0.13 ,0.11 ,0.02 ,0.04 ,0.12 ,0.06 ,0.13 ,0.22 ,0.18 ,0.06,0.13,0.11,-0.04,0.05,0.10,0.06,0.17,0.34,0.45,0.42,-0.05,0.16,0.15,-0.16,0.00,0.02,0.07,0.46,0.44
FRT,Federal Realty Investment Trust,2333931,FRT-US,Real Estate,0.02 ,0.07 ,0.07 ,0.09 ,0.09 ,0.08 ,0.05 ,0.10 ,0.02 ,0.03 ,0.01,0.05,0.04,0.08,0.11,0.07,-0.01,0.10,-0.01,0.02,0.11,-0.10,-0.05,0.01,0.11,0.35,0.00,0.17,0.20,0.16
FDX,FedEx Corporation,2142784,FDX-US,Industrials,0.06 ,0.09 ,0.20 ,0.06 ,0.04 ,0.03 ,0.04 ,0.09 ,0.13 ,-0.02 ,-0.07,-0.05,0.54,0.50,-0.32,0.07,-0.03,0.35,0.22,0.03,-0.39,0.27,0.19,-0.20,0.20,0.50,0.08,-0.05,0.13,0.52
FIS,"Fidelity National Information Services, Inc.",2769796,FIS-US,Information Technology,0.23 ,-0.03 ,-0.06 ,0.40 ,0.03 ,0.06 ,0.05 ,0.01 ,0.09 ,0.40 ,0.03,0.06,0.02,0.24,-0.02,0.07,0.11,-0.01,0.02,0.91,1.55,0.07,0.26,0.26,0.11,0.14,0.52,0.31,-0.06,-0.06
FE,FirstEnergy Corp.,2100920,FE-US,Utilities,-0.02 ,0.03 ,-0.24 ,-0.04 ,-0.01 ,0.01 ,-0.01 ,-0.07 ,0.21 ,0.03 ,0.00,0.01,0.01,0.05,2.13,-0.69,0.40,-0.37,0.15,0.36,0.37,0.41,0.00,0.02,-0.18,0.19,-0.21,-0.06,0.64,-0.20
FISV,"Fiserv, Inc.",2342034,FISV-US,Information Technology,0.75 ,0.02 ,0.03 ,0.05 ,0.04 ,0.05 ,0.07 ,0.03 ,0.05 ,0.01 ,0.19,0.00,0.05,0.11,0.08,0.07,0.07,0.02,0.02,0.05,1.73,0.06,0.19,0.11,0.21,0.13,0.44,0.28,-0.04,0.16
FLIR,"FLIR Systems, Inc.",2344717,FLIR-US,Information Technology,0.06 ,-0.01 ,0.08 ,0.07 ,0.02 ,0.02 ,0.06 ,-0.09 ,0.11 ,0.21 ,-0.16,0.13,0.06,-0.03,0.11,0.03,-0.13,-0.13,-0.05,0.06,0.19,-0.09,0.31,0.28,-0.15,0.06,0.30,-0.16,-0.18,-0.05
FLS,Flowserve Corporation,2288406,FLS-US,Industrials,0.03 ,0.05 ,-0.08 ,-0.13 ,-0.06 ,-0.02 ,0.04 ,0.05 ,0.12 ,-0.08 ,0.39,0.23,-0.41,-0.31,-0.19,0.06,0.11,0.07,0.04,-0.14,0.31,-0.10,-0.12,0.15,-0.32,-0.26,0.53,0.32,-0.18,0.26
FMC,FMC Corporation,2328603,FMC-US,Materials,0.08 ,0.49 ,0.13 ,-0.23 ,0.01 ,-0.16 ,0.03 ,0.11 ,0.08 ,0.10 ,0.04,0.86,0.34,-0.25,-0.14,-0.16,0.02,0.10,0.16,-0.02,0.32,-0.23,0.68,0.45,-0.31,-0.24,0.24,0.34,0.05,0.41
F,Ford Motor Company,2615468,F-US,Consumer Discretionary,-0.03 ,0.02 ,0.03 ,0.01 ,0.04 ,-0.02 ,0.10 ,-0.02 ,0.06 ,0.09 ,-0.83,-0.29,0.24,-0.55,7.43,-0.86,0.06,-0.24,-0.05,-33.89,0.22,-0.39,0.04,-0.14,-0.09,0.01,0.19,0.26,-0.35,0.90
BEN,"Franklin Resources, Inc.",2350684,BEN-US,Financials,-0.08 ,-0.04 ,-0.02 ,-0.16 ,-0.07 ,0.06 ,0.13 ,-0.01 ,0.22 ,0.42 ,-0.25,-0.13,-0.02,-0.21,-0.08,0.11,0.16,0.00,0.29,0.63,-0.09,-0.36,0.22,-0.10,-0.34,0.07,0.20,0.27,-0.13,0.04
FCX,"Freeport-McMoRan, Inc.",2352118,FCX-US,Materials,-0.24 ,0.20 ,0.09 ,-0.02 ,-0.30 ,-0.01 ,0.19 ,-0.16 ,0.17 ,0.34 ,-0.87,0.54,3.57,-19.97,-1.01,-0.22,0.05,-0.42,0.15,0.63,0.27,-0.46,0.44,1.26,-0.65,-0.38,0.21,-0.07,-0.39,0.64
GPS,"Gap, Inc.",2360326,GPS-US,Consumer Discretionary,-0.01 ,0.05 ,0.02 ,-0.02 ,-0.04 ,0.02 ,0.03 ,0.08 ,-0.01 ,0.03 ,-0.57,-0.12,0.02,-0.06,-0.24,-0.01,0.07,0.29,-0.25,0.13,-0.32,-0.24,0.39,-0.08,-0.43,0.02,0.11,0.66,-0.19,-0.12
GRMN,Garmin Ltd.,B3Z5T14,GRMN-US,Consumer Discretionary,0.12 ,0.07 ,0.03 ,0.07 ,-0.02 ,0.09 ,-0.03 ,-0.02 ,0.03 ,-0.09 ,0.21,0.14,0.10,0.14,-0.20,0.20,-0.05,0.09,-0.13,-0.19,0.58,0.06,0.23,0.30,-0.32,0.13,0.16,0.01,0.31,-0.05
IT,"Gartner, Inc.",2372763,IT-US,Information Technology,0.07 ,0.20 ,0.35 ,0.13 ,0.07 ,0.13 ,0.10 ,0.10 ,0.14 ,0.13 ,0.03,1.41,-0.56,0.11,0.02,0.12,0.11,0.16,0.36,0.14,0.20,0.03,0.34,0.12,0.01,0.13,0.52,0.32,0.02,0.84
GD,General Dynamics Corporation,2365161,GD-US,Industrials,0.09 ,0.17 ,0.01 ,-0.03 ,0.02 ,-0.01 ,-0.01 ,-0.04 ,0.01 ,0.02 ,0.04,0.07,0.12,-0.11,0.07,0.02,0.34,-0.26,-0.03,0.07,0.13,-0.25,0.16,0.21,-0.06,0.35,0.38,0.03,-0.10,0.00
GE,General Electric Company,2380498,GE-US,Industrials,-0.03 ,-0.17 ,-0.01 ,0.03 ,-0.01 ,-0.18 ,-0.02 ,0.02 ,-0.04 ,-0.04 ,-0.16,18.36,-0.96,0.15,-0.08,-0.44,-0.15,-0.11,-0.02,0.12,0.48,-0.57,-0.45,-0.05,0.15,-0.10,0.29,0.15,-0.02,0.20
GIS,"General Mills, Inc.",2367026,GIS-US,Consumer Staples,0.07 ,0.01 ,-0.06 ,-0.06 ,-0.02 ,0.01 ,0.07 ,0.12 ,0.01 ,0.01 ,0.09,-0.04,0.01,-0.03,0.00,0.00,0.02,0.03,0.02,0.10,0.26,-0.24,-0.12,0.12,0.02,0.05,0.24,0.00,0.08,0.39
GPC,Genuine Parts Company,2367480,GPC-US,Consumer Discretionary,0.04 ,0.15 ,0.06 ,0.00 ,-0.00 ,0.09 ,0.08 ,0.04 ,0.11 ,0.11 ,-0.01,0.15,-0.07,-0.05,0.00,0.12,-0.02,0.13,0.16,0.17,0.10,0.01,-0.02,0.10,-0.21,0.28,0.30,0.03,0.18,0.34
GILD,"Gilead Sciences, Inc.",2369174,GILD-US,Health Care,0.00 ,-0.15 ,-0.14 ,-0.05 ,0.29 ,1.22 ,0.17 ,0.14 ,0.07 ,0.14 ,-0.46,-0.36,-0.20,-0.17,0.41,2.32,0.15,0.03,-0.01,0.12,0.03,-0.14,0.00,-0.35,0.02,0.23,1.07,0.81,0.06,-0.25
HRB,"H&R Block, Inc.",2105505,HRB-US,Consumer Discretionary,-0.02 ,0.04 ,-0.00 ,-0.01 ,0.02 ,0.04 ,0.00 ,-0.23 ,-0.03 ,-0.05 ,-0.19,0.06,0.13,-0.20,0.03,0.10,0.21,-0.17,-0.13,-0.06,-0.05,0.13,0.15,-0.46,0.07,0.03,0.76,-0.19,-0.11,0.17
HAL,Halliburton Company,2405302,HAL-US,Energy,-0.07 ,0.16 ,0.30 ,-0.33 ,-0.28 ,0.12 ,0.03 ,0.15 ,0.38 ,0.22 ,-0.58,0.36,3.27,-0.74,-0.64,0.19,-0.05,-0.06,0.58,0.51,-0.07,-0.46,-0.09,0.61,-0.13,-0.23,0.34,0.01,-0.14,0.37
HBI,Hanesbrands Inc.,B1BJSL9,HBI-US,Consumer Discretionary,0.02 ,0.05 ,0.07 ,0.05 ,0.08 ,0.15 ,0.02 ,-0.02 ,0.07 ,0.11 ,0.02,0.00,0.04,0.05,0.13,0.48,0.16,-0.07,0.17,0.21,0.22,-0.42,-0.08,-0.29,0.04,0.61,1.01,0.61,-0.13,0.06
HOG,"Harley-Davidson, Inc.",2411053,HOG-US,Consumer Discretionary,-0.06 ,0.01 ,-0.06 ,0.00 ,-0.04 ,0.06 ,0.06 ,0.05 ,0.09 ,0.01 ,-0.30,-0.11,-0.13,-0.09,-0.11,0.10,0.14,0.08,0.27,0.54,0.04,-0.36,-0.17,0.22,-0.40,-0.08,0.38,0.23,0.10,0.38
HAS,"Hasbro, Inc.",2414580,HAS-US,Consumer Discretionary,0.03 ,-0.12 ,0.04 ,0.12 ,0.04 ,0.05 ,-0.00 ,-0.05 ,0.07 ,-0.02 ,0.54,-0.48,0.07,0.20,-0.01,0.16,-0.06,-0.03,0.01,-0.02,0.41,-0.10,0.16,0.16,0.22,-0.03,0.57,0.09,-0.37,0.51
PEAK,"Healthpeak Properties, Inc.",BJBLRK3,PEAK-US,Real Estate,0.08 ,-0.00 ,-0.13 ,0.10 ,-0.14 ,0.07 ,0.11 ,0.10 ,0.36 ,0.11 ,-0.26,-0.12,-0.22,0.01,-0.47,0.01,0.11,0.12,0.59,0.16,0.31,0.09,-0.12,-0.22,-0.12,0.22,-0.19,0.21,0.24,0.52
HP,"Helmerich & Payne, Inc.",2420101,HP-US,Energy,0.13 ,0.38 ,0.11 ,-0.49 ,-0.15 ,0.10 ,0.07 ,0.24 ,0.36 ,-0.01 ,4.70,-1.20,8.00,-1.03,-0.28,0.11,0.05,0.29,0.54,-0.23,-0.42,0.32,-0.22,0.43,-0.52,0.44,0.46,0.16,0.02,0.03
HSIC,"Henry Schein, Inc.",2416962,HSIC-US,Health Care,0.06 ,-0.24 ,0.08 ,0.09 ,0.02 ,0.08 ,0.07 ,0.05 ,0.13 ,0.15 ,0.06,-0.20,0.06,0.06,0.08,0.06,0.07,0.09,0.09,0.16,-0.19,0.10,-0.55,0.86,0.12,0.18,0.39,0.21,0.01,0.19
HSY,Hershey Company,2422806,HSY-US,Consumer Staples,0.03 ,0.04 ,0.01 ,0.01 ,-0.00 ,0.04 ,0.08 ,0.09 ,0.07 ,0.07 ,-0.01,0.04,0.12,0.03,0.04,0.01,0.06,0.20,0.12,0.10,0.37,-0.06,0.09,0.13,-0.16,0.06,0.85,-0.15,0.30,0.31
HES,Hess Corporation,2023748,HES-US,Energy,0.06 ,0.14 ,0.14 ,-0.27 ,-0.38 ,-0.11 ,-0.51 ,-0.38 ,0.15 ,0.16 ,0.43,-1.36,-0.63,0.49,-1.97,-0.38,-0.23,0.00,0.23,1.05,0.73,-0.21,-0.24,0.42,-0.34,-0.22,0.49,-0.06,-0.25,0.31
HFC,HollyFrontier Corporation,B5VX1H6,HFC-US,Energy,-0.01 ,0.24 ,0.35 ,-0.19 ,-0.34 ,-0.03 ,-0.00 ,0.31 ,0.86 ,0.72 ,-0.11,0.65,0.60,-0.47,1.89,-0.67,-0.59,0.69,5.52,2.30,-0.07,-0.03,0.56,-0.19,-0.02,-0.26,0.04,0.93,1.26,0.60
HOLX,"Hologic, Inc.",2433530,HOLX-US,Health Care,0.05 ,0.05 ,0.08 ,0.05 ,0.07 ,0.02 ,0.24 ,0.12 ,0.07 ,0.03 ,0.12,0.01,-0.10,0.16,0.32,0.29,0.14,-0.18,0.00,-0.07,0.20,0.10,-0.05,-0.05,0.67,0.19,0.06,0.31,-0.05,0.03
HD,"Home Depot, Inc.",2434209,HD-US,Consumer Discretionary,0.02 ,0.07 ,0.07 ,0.07 ,0.06 ,0.06 ,0.05 ,0.06 ,0.04 ,0.03 ,0.00,0.06,0.10,0.13,0.13,0.15,0.16,0.18,0.15,0.18,-0.06,-0.15,0.44,0.06,0.15,0.29,0.06,0.45,0.16,0.25
HON,Honeywell International Inc.,2020459,HON-US,Industrials,-0.12 ,0.03 ,0.03 ,0.02 ,-0.04 ,0.03 ,0.04 ,0.03 ,0.13 ,0.05 ,-0.06,0.09,-0.03,0.01,0.13,0.04,0.34,0.38,-0.08,0.23,0.31,-0.16,0.31,0.10,0.02,0.09,0.44,0.18,0.01,0.39
HRL,Hormel Foods Corporation,2437264,HRL-US,Consumer Staples,-0.01 ,0.04 ,-0.04 ,0.03 ,-0.01 ,0.06 ,0.06 ,0.04 ,0.09 ,0.11 ,0.03,-0.08,-0.05,0.17,0.15,0.22,0.10,0.01,0.07,0.24,-0.01,0.37,-0.21,0.12,0.30,0.20,0.49,-0.02,0.29,0.26
HST,"Host Hotels & Resorts, Inc.",2567503,HST-US,Real Estate,-0.01 ,0.03 ,-0.01 ,0.01 ,-0.00 ,0.03 ,-0.02 ,0.06 ,0.13 ,0.06 ,0.52,-0.21,-0.01,0.07,-0.02,0.15,0.46,0.15,0.54,0.84,0.07,-0.16,0.06,0.21,-0.36,0.22,0.29,0.09,-0.14,0.60
HPQ,HP Inc.,BYX4D52,HPQ-US,Information Technology,0.00 ,0.11 ,0.08 ,-0.04 ,-0.55 ,-0.01 ,-0.06 ,-0.06 ,0.02 ,0.10 ,0.01,-0.10,0.23,0.09,-0.65,0.08,-0.06,-0.27,-0.04,0.20,-0.33,0.06,0.43,-0.49,-0.26,0.42,0.71,-0.49,-0.43,-0.17
IEX,IDEX Corporation,2456612,IEX-US,Industrials,0.00 ,0.09 ,0.08 ,0.05 ,-0.06 ,0.06 ,0.04 ,0.06 ,0.22 ,0.14 ,0.03,0.16,0.11,0.05,-0.04,0.12,0.11,0.06,0.31,0.33,0.36,-0.05,0.47,0.17,-0.04,0.02,0.56,0.25,-0.04,0.28
IDXX,"IDEXX Laboratories, Inc.",2459202,IDXX-US,Health Care,0.09 ,0.12 ,0.11 ,0.11 ,0.08 ,0.08 ,0.06 ,0.06 ,0.10 ,0.07 ,0.10,0.20,0.19,0.21,0.12,-0.04,0.04,0.06,0.18,0.19,0.39,0.17,0.32,0.57,-0.07,0.28,0.08,0.20,0.07,0.27
ITW,Illinois Tool Works Inc.,2457552,ITW-US,Industrials,-0.04 ,0.03 ,0.05 ,0.01 ,-0.07 ,0.02 ,-0.21 ,0.01 ,0.15 ,0.11 ,-0.05,0.05,0.11,0.07,-0.01,0.15,-0.12,0.04,0.21,0.51,0.38,-0.27,0.34,0.26,-0.07,0.00,0.31,0.22,-0.15,0.10
ILMN,"Illumina, Inc.",2613990,ILMN-US,Health Care,0.06 ,0.21 ,0.15 ,0.08 ,0.19 ,0.31 ,0.24 ,0.09 ,0.17 ,0.35 ,0.12,0.41,0.08,-0.06,0.28,0.56,0.17,0.05,0.25,0.48,0.11,0.36,0.72,-0.33,0.04,0.92,1.08,0.82,-0.54,1.19
INCY,Incyte Corporation,2471950,INCY-US,Health Care,0.15 ,0.23 ,0.39 ,0.47 ,0.47 ,0.44 ,0.19 ,2.14 ,-0.44 ,17.34 ,1.71,-1.66,-2.44,2.24,-11.54,-0.70,-15.03,-1.01,-11.42,-1.10,0.39,-0.32,0.06,-0.06,0.62,0.51,2.72,0.17,-0.07,0.88
INTC,Intel Corporation,2463247,INTC-US,Information Technology,0.02 ,0.13 ,0.06 ,0.07 ,-0.01 ,0.06 ,-0.01 ,-0.01 ,0.24 ,0.24 ,-0.03,0.26,0.25,0.00,-0.05,0.25,-0.15,-0.15,0.12,1.58,0.22,-0.02,0.26,0.04,-0.07,0.40,0.27,-0.18,0.06,0.02
ICE,"Intercontinental Exchange, Inc.",BFSSDS9,ICE-US,Financials,0.04 ,0.05 ,0.01 ,0.29 ,0.09 ,1.27 ,0.29 ,0.03 ,0.15 ,0.14 ,-0.01,0.05,0.14,0.24,0.17,0.64,0.19,0.04,0.22,0.23,0.20,0.04,0.23,0.10,0.23,-0.04,1.88,0.03,0.00,0.06
IBM,International Business Machines Corporation,2005973,IBM-US,Information Technology,-0.03 ,0.01 ,-0.01 ,-0.02 ,-0.12 ,-0.06 ,-0.06 ,-0.02 ,0.07 ,0.04 ,-0.17,0.10,-0.05,-0.19,-0.21,-0.05,-0.04,0.01,0.11,0.09,0.17,-0.28,-0.10,0.18,-0.16,-0.20,-0.08,0.00,0.19,0.05
IFF,International Flavors & Fragrances Inc.,2464165,IFF-US,Materials,0.29 ,0.17 ,0.09 ,0.03 ,-0.02 ,0.05 ,0.05 ,0.01 ,0.06 ,0.13 ,0.12,0.18,-0.03,0.05,-0.05,0.12,0.10,0.02,0.12,0.17,-0.04,0.19,0.29,-0.03,0.17,0.17,0.29,0.28,-0.05,0.37
IP,International Paper Company,2465254,IP-US,Materials,-0.04 ,0.07 ,0.12 ,-0.13 ,-0.05 ,-0.19 ,0.04 ,0.07 ,0.03 ,0.08 ,-0.17,0.23,0.68,-0.40,-0.03,0.09,0.09,-0.11,0.30,-0.50,0.12,-0.32,0.10,0.40,-0.31,0.05,0.22,0.35,0.08,0.03
IPG,"Interpublic Group of Companies, Inc.",2466321,IPG-US,Communication Services,0.05 ,0.07 ,0.15 ,0.03 ,0.01 ,0.06 ,0.02 ,-0.01 ,0.07 ,0.08 ,0.11,0.08,0.00,0.08,0.10,0.20,-0.03,-0.01,0.25,0.60,0.13,0.02,-0.16,-0.02,0.09,0.14,0.63,0.05,-0.16,0.45
INTU,Intuit Inc.,2459020,INTU-US,Information Technology,0.13 ,0.16 ,0.10 ,0.12 ,-0.01 ,0.02 ,0.10 ,0.01 ,0.09 ,0.09 ,0.19,0.12,0.12,0.40,-0.32,0.05,0.06,0.09,0.24,0.19,0.37,0.51,0.23,-0.03,0.26,0.22,0.12,0.22,0.13,0.30
ISRG,"Intuitive Surgical, Inc.",2871301,ISRG-US,Health Care,0.20 ,0.19 ,0.16 ,0.14 ,0.12 ,-0.06 ,0.04 ,0.24 ,0.24 ,0.34 ,0.10,0.14,0.14,0.28,0.20,-0.27,-0.03,0.26,0.25,0.48,0.25,0.34,0.67,0.20,0.06,0.32,-0.26,0.08,0.81,-0.14
IVZ,Invesco Ltd.,B28XP76,IVZ-US,Financials,0.17 ,-0.01 ,0.11 ,-0.06 ,-0.03 ,0.10 ,0.15 ,0.04 ,0.09 ,0.43 ,0.24,-0.13,0.15,-0.02,-0.07,0.16,0.49,0.01,-0.09,1.17,0.23,-0.55,0.21,-0.12,-0.18,0.08,0.37,0.29,-0.19,0.03
IPGP,IPG Photonics Corporation,2698782,IPGP-US,Information Technology,-0.10 ,0.04 ,0.40 ,0.12 ,0.17 ,0.19 ,0.15 ,0.19 ,0.59 ,0.61 ,-0.44,-0.09,0.52,0.09,0.23,0.25,0.05,0.22,1.17,6.89,0.28,-0.48,1.18,0.11,0.20,-0.03,0.18,1.12,0.09,0.93
IRM,"Iron Mountain, Inc.",BVFTF03,IRM-US,Real Estate,0.01 ,0.10 ,0.10 ,0.17 ,-0.04 ,0.03 ,0.01 ,-0.01 ,0.04 ,-0.04 ,0.00,0.04,0.18,0.25,-0.06,0.03,-0.07,-0.09,-0.01,0.13,-0.01,-0.13,0.25,0.50,-0.30,0.40,-0.02,0.11,0.06,0.08
JBHT,"J.B. Hunt Transport Services, Inc.",2445416,JBHT-US,Industrials,0.06 ,0.20 ,0.10 ,0.06 ,0.00 ,0.10 ,0.10 ,0.12 ,0.19 ,0.18 ,0.08,0.09,-0.13,0.02,0.14,0.09,0.11,0.19,0.24,0.35,0.23,-0.20,0.17,0.29,-0.15,0.08,0.29,0.33,0.06,0.21
SJM,J.M. Smucker Company,2951452,SJM-US,Consumer Staples,0.07 ,-0.00 ,-0.05 ,0.37 ,0.01 ,-0.05 ,0.07 ,0.15 ,0.05 ,0.23 ,0.00,-0.01,-0.01,0.53,-0.13,-0.03,0.13,-0.02,0.08,0.55,0.08,-0.10,-0.03,0.07,0.41,-0.11,0.25,0.02,0.18,0.56
JKHY,"Jack Henry & Associates, Inc.",2469193,JKHY-US,Information Technology,0.06 ,0.03 ,0.06 ,0.08 ,0.07 ,0.04 ,0.10 ,0.06 ,0.16 ,0.12 ,-0.02,-0.02,0.06,0.08,0.09,0.05,0.18,0.09,0.16,0.18,0.02,0.25,0.17,0.31,0.07,0.22,0.35,0.15,0.27,0.18
J,Jacobs Engineering Group Inc.,2469052,J-US,Industrials,0.20 ,0.05 ,-0.09 ,-0.09 ,-0.05 ,0.07 ,0.08 ,0.05 ,0.04 ,-0.13 ,0.35,0.00,-0.07,-0.13,-0.04,-0.06,0.11,0.13,0.09,-0.21,0.11,0.55,0.12,0.36,-0.30,-0.14,0.45,0.27,-0.16,-0.09
JNJ,Johnson & Johnson,2475833,JNJ-US,Health Care,0.01 ,0.07 ,0.06 ,0.02 ,-0.06 ,0.04 ,0.06 ,0.03 ,0.06 ,-0.00 ,0.01,0.10,-0.09,0.16,-0.12,0.11,0.10,0.05,-0.03,0.01,0.13,-0.10,0.20,0.10,-0.03,0.12,0.35,0.08,0.05,-0.05
JCI,Johnson Controls International plc,BY7QL61,JCI-US,Industrials,0.02 ,-0.22 ,0.45 ,-0.44 ,2.60 ,0.03 ,-0.03 ,-0.01 ,-0.38 ,0.01 ,-0.25,-0.39,1.14,-0.40,1.06,0.23,0.10,0.06,-0.52,0.22,0.05,-0.13,-0.14,0.95,0.18,0.17,-0.38,0.37,0.01,0.17
JNPR,"Juniper Networks, Inc.",2431846,JNPR-US,Information Technology,-0.04 ,-0.08 ,0.01 ,0.03 ,0.05 ,-0.01 ,0.07 ,-0.02 ,0.09 ,0.23 ,-0.15,-0.36,0.01,-0.01,0.44,0.04,0.61,-0.42,-0.16,0.54,-0.11,-0.11,-0.03,0.02,0.14,-0.17,0.12,-0.07,-0.45,0.40
KSU,Kansas City Southern,2607647,KSU-US,Industrials,0.04 ,0.05 ,0.10 ,-0.01 ,-0.06 ,0.09 ,0.06 ,0.07 ,0.16 ,0.23 ,0.09,0.05,0.13,0.01,-0.01,0.10,0.10,0.15,0.19,0.80,0.53,-0.11,0.20,0.12,-0.40,-0.01,0.48,0.23,0.52,0.53
K,Kellogg Company,2486813,K-US,Consumer Staples,0.00 ,0.05 ,-0.01 ,-0.04 ,-0.07 ,-0.01 ,0.04 ,0.08 ,0.06 ,-0.01 ,-0.19,0.07,0.03,0.19,0.00,-0.55,0.89,-0.16,-0.03,-0.02,0.20,-0.16,-0.09,0.02,0.09,0.05,0.11,0.11,-0.03,-0.08
KMB,Kimberly-Clark Corporation,2491839,KMB-US,Consumer Staples,-0.00 ,0.01 ,0.01 ,-0.02 ,-0.06 ,-0.07 ,0.00 ,0.01 ,0.06 ,0.03 ,0.05,-0.07,0.01,0.03,0.03,-0.04,0.06,0.09,-0.02,-0.06,0.19,-0.07,0.04,-0.11,0.09,0.06,0.21,0.13,0.13,-0.03
KIM,Kimco Realty Corporation,2491594,KIM-US,Real Estate,-0.01 ,-0.03 ,0.03 ,-0.03 ,0.21 ,0.04 ,0.03 ,0.00 ,0.03 ,0.07 ,0.04,0.05,0.04,-0.09,0.22,0.12,0.07,0.00,0.03,0.13,0.45,-0.20,-0.28,-0.02,0.06,0.28,0.03,0.19,-0.10,0.34
KLAC,KLA Corporation,2480138,KLAC-US,Information Technology,0.13 ,0.16 ,0.16 ,0.06 ,-0.04 ,0.03 ,-0.10 ,-0.00 ,0.74 ,0.19 ,-0.07,0.21,0.28,0.44,-0.11,0.06,-0.28,-0.13,2.46,-5.68,0.18,0.11,0.26,0.29,-0.26,0.30,0.12,0.21,0.44,0.09
KSS,Kohl's Corporation,2496113,KSS-US,Consumer Discretionary,-0.01 ,0.01 ,0.07 ,-0.03 ,0.01 ,-0.00 ,-0.01 ,0.03 ,0.02 ,0.07 ,-0.17,0.03,0.03,-0.12,-0.08,-0.03,-0.08,-0.12,0.13,0.03,-0.51,0.02,0.57,-0.27,-0.23,0.12,0.05,-0.11,-0.23,-0.04
KR,Kroger Co.,2497406,KR-US,Consumer Staples,0.01 ,-0.01 ,0.06 ,0.05 ,0.01 ,0.10 ,0.02 ,0.07 ,0.10 ,0.07 ,-0.04,-0.09,-0.13,-0.05,0.11,0.17,0.00,1.12,-0.41,-0.02,-0.06,-0.12,-0.17,-0.18,0.12,0.83,0.28,0.05,0.03,-0.04
LB,"L Brands, Inc.",B9M2WX3,LB-US,Consumer Discretionary,-0.02 ,0.05 ,0.00 ,0.03 ,0.06 ,0.06 ,0.03 ,0.01 ,0.08 ,0.11 ,-0.27,-0.23,-0.15,-0.07,0.12,0.12,0.04,0.22,0.07,0.50,-0.11,-0.44,-0.21,-0.39,0.13,0.62,0.12,0.12,0.32,0.51
LHX,L3Harris Technologies Inc,BK9DTN5,LHX-US,Industrials,0.10 ,0.05 ,-0.02 ,0.18 ,0.01 ,-0.02 ,-0.06 ,0.01 ,0.15 ,-0.06 ,-0.07,0.04,-0.08,0.36,0.02,0.03,-0.09,-0.10,0.10,0.18,0.31,0.31,0.27,0.07,0.20,0.52,0.12,-0.16,0.07,0.40
LH,Laboratory Corporation of America Holdings,2586122,LH-US,Health Care,0.02 ,0.10 ,0.07 ,0.11 ,0.44 ,0.04 ,0.02 ,0.02 ,0.11 ,0.07 ,0.05,0.00,-0.02,0.10,0.34,-0.06,-0.04,-0.01,0.05,0.06,0.32,-0.23,0.23,0.05,0.37,0.17,-0.03,-0.04,-0.07,0.14
LRCX,Lam Research Corporation,2502247,LRCX-US,Information Technology,-0.13 ,0.38 ,0.36 ,0.12 ,0.14 ,0.28 ,0.34 ,-0.18 ,0.52 ,0.91 ,-0.24,0.68,0.72,0.29,0.28,5.04,-0.64,-0.62,0.83,-5.04,-0.01,0.12,0.86,0.00,0.21,0.51,0.53,-0.11,0.05,0.62
LVS,Las Vegas Sands Corp.,B02T2J7,LVS-US,Consumer Discretionary,0.00 ,0.08 ,0.12 ,-0.02 ,-0.20 ,0.06 ,0.24 ,0.18 ,0.37 ,0.50 ,-0.02,0.12,0.29,-0.08,-0.29,0.19,0.34,0.08,0.94,7.24,0.31,-0.26,0.29,0.22,-0.25,-0.28,0.70,0.21,-0.04,2.30
LEG,"Leggett & Platt, Incorporated",2510682,LEG-US,Consumer Discretionary,0.11 ,0.08 ,0.05 ,-0.04 ,0.04 ,0.01 ,0.01 ,0.02 ,0.08 ,0.10 ,0.15,-0.02,-0.07,0.01,0.51,-0.01,-0.05,0.28,-0.05,0.13,0.43,-0.26,-0.04,0.15,-0.03,0.36,0.12,0.20,-0.03,0.10
LDOS,"Leidos Holdings, Inc.",BDV82B8,LDOS-US,Information Technology,0.09 ,0.00 ,0.44 ,0.49 ,-0.07 ,-0.12 ,-0.48 ,0.06 ,-0.05 ,0.02 ,0.16,0.13,0.33,0.42,0.02,0.27,-0.64,1.52,-0.68,0.10,0.83,-0.22,0.27,0.89,0.32,-0.16,-0.12,-0.06,-0.27,-0.16
LEN,Lennar Corporation Class A,2511920,LEN-US,Consumer Discretionary,0.08 ,0.63 ,0.16 ,0.16 ,0.22 ,0.31 ,0.45 ,0.32 ,0.01 ,-0.01 ,0.26,0.44,0.08,0.17,0.13,0.39,1.29,2.08,-0.20,-1.27,0.36,-0.08,0.51,-0.08,0.12,0.33,0.00,1.10,0.22,0.21
LIN,Linde plc,BZ12WP8,LIN-US,Materials,0.90 ,0.30 ,0.09 ,-0.02 ,-0.12 ,0.03 ,0.06 ,-0.00 ,0.11 ,0.13 ,0.46,-0.10,0.08,-0.06,-0.09,0.02,0.08,0.00,0.14,0.13,0.31,0.95,0.33,0.14,-0.22,-0.02,0.18,0.02,0.10,0.18
LYV,"Live Nation Entertainment, Inc.",B0T7YX2,LYV-US,Communication Services,0.07 ,0.11 ,0.16 ,0.15 ,0.06 ,0.06 ,0.11 ,0.08 ,0.06 ,0.21 ,0.14,2.13,-0.54,0.33,-0.11,0.39,0.58,0.23,0.69,26.19,0.48,0.17,0.63,0.09,-0.05,0.33,1.22,0.13,-0.21,1.71
LKQ,LKQ Corporation,2971029,LKQ-US,Consumer Discretionary,0.05 ,0.22 ,0.13 ,0.19 ,0.07 ,0.33 ,0.23 ,0.26 ,0.32 ,0.21 ,0.03,0.10,0.08,0.11,0.09,0.23,0.28,0.15,0.24,0.28,0.46,-0.40,0.33,0.04,0.06,-0.14,0.57,0.42,0.34,0.19
LMT,Lockheed Martin Corporation,2522096,LMT-US,Industrials,0.11 ,0.08 ,0.06 ,0.17 ,-0.11 ,0.01 ,-0.04 ,0.01 ,0.02 ,0.04 ,0.09,0.20,0.23,0.11,-0.15,0.20,0.08,0.09,-0.05,-0.03,0.48,-0.19,0.26,0.09,0.09,0.28,0.61,0.14,0.07,-0.14
LOW,"Lowe's Companies, Inc.",2536763,LOW-US,Consumer Discretionary,0.01 ,0.04 ,0.06 ,0.10 ,0.05 ,0.05 ,0.06 ,0.01 ,0.03 ,0.03 ,0.03,-0.07,0.13,0.17,0.03,0.15,0.15,-0.03,0.03,0.13,0.14,-0.08,0.33,-0.03,0.00,0.36,0.11,0.27,-0.01,0.08
M,Macy's Inc,2345022,M-US,Consumer Discretionary,-0.02 ,0.00 ,-0.01 ,-0.05 ,-0.04 ,0.01 ,0.01 ,0.05 ,0.06 ,0.06 ,-0.22,-0.01,-0.11,-0.28,-0.17,0.01,0.04,0.12,0.24,0.32,-0.38,0.04,-0.14,-0.29,-0.42,0.12,0.27,0.09,0.44,0.45
MRO,Marathon Oil Corporation,2910970,MRO-US,Energy,-0.14 ,0.34 ,0.08 ,-0.24 ,-0.50 ,-0.26 ,-0.06 ,0.07 ,-0.78 ,0.38 ,-0.50,-5.41,-0.81,-0.47,-2.82,-0.73,-0.19,0.36,0.02,0.54,-0.08,-0.18,-0.02,0.72,-0.55,-0.22,0.14,0.05,-0.22,0.19
MKTX,MarketAxess Holdings Inc.,B03Q9D0,MKTX-US,Financials,0.17 ,0.10 ,0.07 ,0.22 ,0.16 ,0.10 ,0.20 ,0.09 ,0.24 ,0.28 ,0.18,0.05,0.05,0.30,0.26,0.09,0.24,0.10,0.55,0.69,0.81,0.05,0.38,0.32,0.56,0.06,0.91,0.13,0.66,0.47
MAR,"Marriott International, Inc. Class A",2210614,MAR-US,Consumer Discretionary,0.01 ,0.01 ,0.20 ,0.18 ,0.05 ,0.08 ,0.08 ,-0.04 ,0.05 ,0.07 ,-0.19,-0.05,0.52,0.26,0.18,0.20,0.05,0.11,0.22,0.33,0.33,-0.24,0.53,0.86,-0.21,0.49,0.30,0.17,-0.36,0.56
MMC,"Marsh & McLennan Companies, Inc.",2567741,MMC-US,Financials,0.12 ,0.06 ,0.06 ,0.02 ,-0.00 ,0.05 ,0.03 ,0.04 ,0.09 ,0.01 ,0.14,-0.08,-0.03,0.06,0.07,0.00,0.16,0.11,0.57,0.00,0.40,-0.03,0.19,0.20,-0.06,0.17,0.41,0.10,0.15,0.26
MLM,"Martin Marietta Materials, Inc.",2572079,MLM-US,Materials,0.12 ,0.07 ,0.04 ,0.08 ,0.20 ,0.37 ,0.06 ,0.19 ,-0.04 ,0.05 ,0.28,0.00,0.03,0.37,0.36,0.64,0.13,0.05,-0.08,-0.02,0.62,-0.23,-0.01,0.59,0.19,0.61,0.07,0.26,-0.18,0.04
MAS,Masco Corporation,2570200,MAS-US,Industrials,0.01 ,-0.13 ,0.04 ,0.03 ,0.02 ,-0.14 ,0.09 ,0.00 ,-0.00 ,-0.04 ,0.02,-0.10,0.09,0.19,0.15,0.17,0.44,1.24,-0.06,-0.30,0.54,-0.37,0.36,0.08,0.08,0.09,0.37,0.59,-0.17,-0.09
MA,Mastercard Incorporated Class A,B121557,MA-US,Information Technology,0.13 ,0.20 ,0.16 ,0.11 ,0.02 ,0.14 ,0.13 ,0.10 ,0.21 ,0.09 ,0.16,0.21,0.17,0.16,-0.03,0.15,0.16,0.13,0.25,0.22,0.55,0.22,0.43,0.03,0.09,0.00,0.65,0.28,0.61,-0.12
MXIM,"Maxim Integrated Products, Inc.",2573760,MXIM-US,Information Technology,-0.07 ,0.08 ,0.05 ,-0.05 ,-0.06 ,0.00 ,0.02 ,-0.03 ,0.24 ,0.21 ,-0.11,0.23,0.33,0.18,-0.07,-0.22,0.09,-0.18,1.43,1.82,-0.01,0.26,0.30,0.01,0.03,0.21,0.06,0.05,0.36,0.06
MKC,"McCormick & Company, Incorporated",2550161,MKC-US,Consumer Staples,0.01 ,0.10 ,0.10 ,0.03 ,0.01 ,0.03 ,0.03 ,0.09 ,0.11 ,0.05 ,0.05,0.19,0.19,0.08,0.00,0.02,0.03,0.04,0.09,0.07,0.14,0.48,0.17,0.04,0.15,0.06,0.06,0.32,0.10,0.25
MCD,McDonald's Corporation,2550707,MCD-US,Consumer Discretionary,0.00 ,-0.08 ,-0.07 ,-0.03 ,-0.07 ,-0.02 ,0.02 ,0.02 ,0.12 ,0.06 ,0.03,0.02,0.07,0.06,-0.07,-0.06,0.01,0.01,0.13,0.11,0.08,0.00,0.37,-0.07,0.19,-0.06,0.09,-0.14,0.27,0.20
MCK,McKesson Corporation,2378534,MCK-US,Health Care,0.03 ,0.05 ,0.04 ,0.07 ,0.30 ,0.12 ,-0.00 ,0.10 ,0.03 ,0.02 ,0.05,-0.13,-0.13,0.09,0.33,0.10,0.02,0.13,0.04,0.17,-0.22,-0.09,-0.12,-0.33,0.29,0.66,0.19,0.04,0.12,0.88
MDT,Medtronic Plc,BTN1Y11,MDT-US,Health Care,0.02 ,0.01 ,0.03 ,0.42 ,0.19 ,0.03 ,0.03 ,0.02 ,0.01 ,0.08 ,0.07,0.01,0.08,0.29,0.01,0.01,0.04,0.00,-0.07,0.18,0.06,-0.03,0.03,0.00,0.90,0.23,0.20,-0.13,-0.07,0.45
MRK,"Merck & Co., Inc.",2778844,MRK-US,Health Care,0.10 ,0.06 ,0.01 ,0.02 ,-0.08 ,-0.04 ,-0.07 ,-0.02 ,0.05 ,0.67 ,0.36,0.30,-0.29,0.41,-0.19,-0.01,-0.15,0.02,0.59,0.41,0.17,0.31,-0.06,0.10,-0.09,0.10,0.18,0.08,0.03,-0.02
MTD,Mettler-Toledo International Inc.,2126249,MTD-US,Health Care,0.02 ,0.08 ,0.09 ,0.05 ,-0.04 ,0.04 ,0.02 ,0.01 ,0.17 ,0.14 ,0.07,0.12,0.13,0.05,0.08,0.06,0.06,0.11,0.14,0.19,0.36,-0.11,0.45,0.19,0.08,0.19,0.22,0.26,-0.05,0.38
MCHP,Microchip Technology Incorporated,2592174,MCHP-US,Information Technology,0.34 ,0.17 ,0.57 ,0.01 ,0.11 ,0.22 ,0.14 ,-0.07 ,0.57 ,0.05 ,-0.22,1.55,0.05,-0.17,-0.07,1.19,-0.47,-0.17,0.93,0.04,-0.08,0.27,0.72,0.00,0.03,0.32,0.01,0.00,0.38,0.35
MU,"Micron Technology, Inc.",2588184,MU-US,Information Technology,-0.23 ,0.50 ,0.64 ,-0.23 ,-0.01 ,0.80 ,0.10 ,-0.06 ,0.04 ,0.77 ,-0.50,1.54,24.69,-0.92,-0.12,7.31,-1.71,-2.52,-0.76,-2.10,-0.19,0.72,1.05,0.00,-0.51,1.48,1.25,0.11,-0.17,0.12
MSFT,Microsoft Corporation,2588173,MSFT-US,Information Technology,0.14 ,0.15 ,0.13 ,-0.09 ,0.07 ,0.12 ,0.05 ,0.05 ,0.13 ,0.08 ,0.22,0.21,0.39,-0.25,-0.01,0.05,-0.05,0.03,0.15,0.18,0.35,0.42,0.33,0.13,0.03,0.19,0.12,0.18,0.09,-0.06
MAA,"Mid-America Apartment Communities, Inc.",2589132,MAA-US,Real Estate,0.04 ,0.03 ,0.36 ,0.08 ,0.06 ,0.59 ,0.30 ,0.06 ,0.12 ,0.06 ,0.11,0.05,0.24,0.10,0.22,0.66,0.25,0.10,0.07,0.00,0.38,-0.05,0.03,0.62,0.22,0.24,0.66,0.12,0.10,0.58
MHK,"Mohawk Industries, Inc.",2598699,MHK-US,Consumer Discretionary,-0.00 ,0.05 ,0.06 ,0.11 ,0.03 ,0.06 ,0.27 ,0.03 ,0.06 ,-0.00 ,-0.21,-0.16,0.02,0.33,0.26,0.25,0.66,0.18,0.03,2.10,0.16,-0.59,0.39,0.06,0.24,0.05,0.73,0.52,0.06,0.19
TAP,Molson Coors Beverage Company Class B,B067BM3,TAP-US,Consumer Staples,-0.02 ,-0.02 ,1.25 ,0.37 ,-0.14 ,-0.01 ,0.07 ,0.11 ,0.08 ,0.07 ,0.00,-0.05,2.33,0.34,-0.29,0.03,-0.01,0.07,0.05,0.10,-0.04,-0.31,-0.15,0.21,0.25,0.34,0.33,-0.01,-0.18,0.15
MDLZ,"Mondelez International, Inc. Class A",B8CKK03,MDLZ-US,Consumer Staples,-0.00 ,0.00 ,-0.00 ,-0.13 ,-0.13 ,-0.03 ,0.01 ,-0.02 ,-0.27 ,0.22 ,0.09,-0.12,0.11,-0.06,-0.01,0.09,-0.07,0.07,-0.32,0.02,0.36,-0.09,-0.06,-0.04,0.17,0.00,0.33,-0.31,0.20,0.37
MNST,Monster Beverage Corporation,BZ07BW4,MNST-US,Consumer Staples,0.10 ,0.13 ,0.11 ,0.13 ,0.09 ,0.10 ,0.09 ,0.21 ,0.31 ,0.14 ,0.08,0.06,0.06,0.25,0.24,0.25,0.09,0.21,0.31,0.03,0.27,-0.25,0.43,-0.17,0.66,0.61,0.29,0.09,0.73,0.37
MCO,Moody's Corporation,2252058,MCO-US,Financials,0.09 ,0.06 ,0.17 ,0.03 ,0.05 ,0.12 ,0.09 ,0.20 ,0.12 ,0.13 ,0.08,0.04,0.22,0.03,0.02,0.16,0.14,0.23,0.15,0.10,0.66,-0.05,0.57,-0.09,0.00,0.17,0.49,0.50,0.22,-0.04
MSI,"Motorola Solutions, Inc.",B5BKPQ4,MSI-US,Information Technology,0.07 ,0.15 ,0.06 ,0.06 ,-0.03 ,-0.32 ,-0.00 ,0.06 ,0.08 ,-0.58 ,0.18,0.05,0.07,0.12,-2.18,-1.70,0.04,0.29,0.44,-7.29,0.46,0.29,0.07,0.14,-0.19,-0.14,0.12,0.04,-0.31,7.33
MSCI,MSCI Inc. Class A,B2972D2,MSCI-US,Financials,0.09 ,0.13 ,0.11 ,0.07 ,0.08 ,-0.04 ,0.08 ,0.06 ,0.36 ,0.50 ,0.10,0.18,0.19,0.21,0.20,-0.09,0.06,0.08,0.51,0.42,0.76,0.09,0.59,-0.01,0.37,0.03,0.39,-0.07,-0.02,0.28
MYL,Mylan N.V.,BVFMFG8,MYL-US,Health Care,0.01 ,-0.04 ,0.07 ,0.17 ,0.22 ,0.11 ,0.02 ,0.11 ,0.13 ,0.07 ,-0.21,-0.23,0.03,-0.13,0.19,0.06,0.04,0.21,0.31,0.13,-0.27,-0.36,0.09,-0.23,0.26,0.31,0.49,0.18,-0.01,0.63
NDAQ,"Nasdaq, Inc.",2965107,NDAQ-US,Financials,-0.03 ,0.11 ,0.07 ,0.09 ,-0.03 ,0.08 ,0.04 ,-0.09 ,0.08 ,-0.06 ,-0.07,0.13,0.08,0.06,0.07,0.06,0.08,0.05,0.10,0.06,0.31,0.05,0.15,0.17,0.18,0.20,0.63,-0.03,0.02,0.00
NOV,"National Oilwell Varco, Inc.",2624486,NOV-US,Energy,0.00 ,0.16 ,0.01 ,-0.51 ,-0.31 ,-0.06 ,0.14 ,0.37 ,0.21 ,-0.04 ,-3.29,-1.76,-0.78,-1.80,-0.59,0.12,-0.03,0.22,0.17,-0.01,-0.02,-0.28,-0.03,0.13,-0.54,-0.19,0.17,0.01,0.02,0.54
NTAP,"NetApp, Inc.",2630643,NTAP-US,Information Technology,0.04 ,0.07 ,-0.01 ,-0.09 ,-0.03 ,-0.00 ,0.02 ,0.21 ,0.30 ,0.16 ,0.26,0.34,0.65,-0.39,-0.15,0.36,-0.18,-0.11,0.84,3.57,-0.03,0.65,0.61,-0.40,-0.03,-0.09,-0.13,-0.26,0.60,0.95
NFLX,"Netflix, Inc.",2857817,NFLX-US,Communication Services,0.28 ,0.35 ,0.32 ,0.30 ,0.23 ,0.26 ,0.21 ,0.13 ,0.48 ,0.29 ,0.62,0.91,1.21,0.24,-0.24,0.76,3.57,-0.87,0.39,0.48,0.21,0.40,0.56,0.09,1.37,-0.06,3.26,0.34,-0.59,2.15
NWL,Newell Brands Inc,2635701,NWL-US,Consumer Discretionary,-0.04 ,0.06 ,-0.28 ,1.24 ,0.03 ,0.01 ,-0.04 ,0.01 ,0.02 ,0.03 ,-0.10,0.62,-0.53,0.60,0.09,-0.12,0.02,0.02,0.01,0.07,0.04,-0.48,-0.30,0.83,0.15,0.14,0.41,0.37,-0.12,0.27
NEM,Newmont Corporation,2636607,NEM-US,Materials,0.34 ,-0.01 ,0.10 ,0.10 ,-0.17 ,-0.12 ,-0.15 ,-0.06 ,0.11 ,0.25 ,0.29,-0.05,0.33,0.86,-0.36,0.05,-0.75,-0.25,0.03,0.35,0.90,-0.08,0.11,0.90,0.01,-0.18,-0.50,-0.22,-0.02,0.30
NEE,"NextEra Energy, Inc.",2328915,NEE-US,Utilities,0.07 ,-0.00 ,0.07 ,-0.05 ,-0.03 ,0.12 ,0.07 ,-0.04 ,0.01 ,-0.02 ,-0.07,-0.24,0.45,0.06,-0.18,0.26,0.11,0.14,0.14,0.42,0.43,0.13,0.32,0.17,0.02,0.26,0.27,0.16,0.16,0.00
NKE,"NIKE, Inc. Class B",2640147,NKE-US,Consumer Discretionary,0.08 ,0.06 ,0.06 ,0.06 ,0.10 ,0.10 ,0.09 ,0.12 ,0.10 ,-0.01 ,0.05,0.04,0.08,-0.01,0.10,0.09,0.07,0.14,0.16,-0.01,0.05,0.32,-0.06,0.07,0.30,0.21,0.11,0.25,0.13,0.26
NI,NiSource Inc,2645409,NI-US,Utilities,0.02 ,0.05 ,0.09 ,-0.03 ,-0.28 ,0.14 ,0.12 ,-0.15 ,-0.06 ,-0.03 ,9.37,-0.86,0.07,0.07,-0.32,0.09,0.06,0.13,-0.04,0.28,0.13,0.09,0.21,0.15,-0.54,0.30,0.34,0.15,0.37,0.15
NBL,"Noble Energy, Inc.",2640761,NBL-US,Energy,-0.02 ,0.10 ,0.20 ,0.11 ,-0.38 ,0.03 ,0.19 ,0.13 ,0.22 ,0.28 ,-1.06,1.22,-1.14,0.42,-1.90,-0.22,0.28,-0.10,0.47,0.72,0.33,-0.37,-0.13,0.17,-0.18,-0.30,0.35,0.08,0.10,0.22
JWN,"Nordstrom, Inc.",2641827,JWN-US,Consumer Discretionary,-0.02 ,0.02 ,0.05 ,0.02 ,0.07 ,0.08 ,0.03 ,0.12 ,0.12 ,0.12 ,-0.14,0.00,-0.08,-0.14,-0.13,-0.02,0.00,0.07,0.13,0.34,-0.20,-0.11,0.10,-0.15,-0.41,0.32,0.01,0.08,0.13,0.19
NSC,Norfolk Southern Corporation,2641894,NSC-US,Industrials,-0.01 ,0.09 ,0.07 ,-0.06 ,-0.10 ,0.03 ,0.02 ,-0.01 ,0.17 ,0.19 ,-0.02,0.12,0.15,0.07,-0.19,0.10,0.04,-0.03,0.20,0.36,0.25,-0.03,0.31,0.25,-0.25,0.18,0.48,-0.19,0.07,0.16
NOC,Northrop Grumman Corporation,2648806,NOC-US,Industrials,0.12 ,0.16 ,0.06 ,0.04 ,-0.02 ,-0.03 ,-0.02 ,-0.05 ,-0.24 ,0.03 ,0.05,0.17,0.01,0.04,-0.04,0.02,0.00,-0.04,0.03,0.28,0.38,-0.22,0.31,0.19,0.17,0.18,0.54,0.09,-0.21,0.10
NLOK,NortonLifeLock Inc.,BJN4XN5,NLOK-US,Information Technology,-0.02 ,0.20 ,0.12 ,-0.09 ,-0.41 ,-0.03 ,0.03 ,0.09 ,0.03 ,-0.03 ,0.20,0.77,-0.51,0.86,-0.78,0.16,0.10,0.12,-0.04,-0.02,-0.10,-0.14,0.66,-0.30,0.17,-0.20,0.27,-0.03,0.05,0.01
NRG,"NRG Energy, Inc.",2212922,NRG-US,Utilities,0.02 ,0.08 ,-0.20 ,-0.26 ,-0.02 ,0.28 ,0.35 ,0.02 ,-0.02 ,-0.09 ,-0.14,2.26,-0.55,-0.35,0.08,0.07,0.80,0.19,-0.57,-0.41,-0.12,0.25,1.33,0.05,-0.59,-0.02,0.25,0.80,-0.15,-0.19
NUE,Nucor Corporation,2651086,NUE-US,Materials,-0.10 ,0.24 ,0.25 ,-0.01 ,-0.22 ,0.11 ,-0.02 ,-0.03 ,0.26 ,0.42 ,-0.43,0.77,0.31,1.24,-0.53,0.48,-0.17,-0.24,1.95,-4.46,0.07,-0.22,0.07,0.48,-0.18,-0.08,0.24,0.09,-0.09,-0.06
NVDA,NVIDIA Corporation,2379504,NVDA-US,Information Technology,-0.07 ,0.21 ,0.41 ,0.38 ,0.07 ,0.13 ,-0.04 ,0.07 ,0.13 ,0.07 ,-0.25,0.19,0.64,1.08,0.19,0.60,-0.23,-0.03,2.36,-3.01,0.58,-0.34,1.26,3.14,0.40,0.28,0.15,-0.16,-0.35,0.62
NVR,"NVR, Inc.",2637785,NVR-US,Consumer Discretionary,0.03 ,0.13 ,0.08 ,0.13 ,0.16 ,0.06 ,0.32 ,0.18 ,-0.11 ,0.09 ,0.06,0.11,0.28,0.08,0.31,0.12,0.66,0.07,-0.23,-0.07,0.54,-0.33,1.10,-0.04,0.24,0.14,0.01,0.32,-0.13,-0.07
ORLY,"O'Reilly Automotive, Inc.",B65LWX6,ORLY-US,Consumer Discretionary,0.06 ,0.06 ,0.04 ,0.08 ,0.10 ,0.09 ,0.08 ,0.07 ,0.07 ,0.11 ,0.06,0.05,0.02,0.11,0.21,0.15,0.13,0.13,0.18,0.36,0.22,0.34,-0.22,0.04,0.27,0.44,0.35,-0.01,0.19,0.63
OXY,Occidental Petroleum Corporation,2655408,OXY-US,Energy,0.20 ,0.25 ,0.23 ,-0.19 ,-0.36 ,-0.21 ,0.01 ,0.01 ,0.26 ,0.23 ,-0.61,1.73,-2.01,-3.15,-0.92,-0.30,-0.04,-0.12,0.39,0.55,-0.20,-0.18,0.04,0.05,-0.17,-0.27,0.24,-0.18,-0.04,0.21
ODFL,"Old Dominion Freight Line, Inc.",2656423,ODFL-US,Industrials,0.02 ,0.20 ,0.12 ,0.01 ,0.07 ,0.19 ,0.11 ,0.12 ,0.27 ,0.19 ,0.01,0.40,0.20,-0.02,0.11,0.36,0.19,0.22,0.70,0.96,0.51,-0.07,0.53,0.42,-0.25,0.46,0.55,0.27,0.30,0.56
OMC,Omnicom Group Inc,2279303,OMC-US,Communication Services,-0.02 ,0.00 ,-0.01 ,0.02 ,-0.01 ,0.05 ,0.03 ,0.03 ,0.11 ,0.07 ,0.01,0.01,0.04,0.05,-0.02,0.05,0.03,0.07,0.16,0.05,0.07,-0.02,-0.16,0.10,-0.05,0.00,0.46,0.07,-0.07,0.08
OKE,"ONEOK, Inc.",2130109,OKE-US,Energy,-0.20 ,0.03 ,0.38 ,0.16 ,-0.37 ,-0.16 ,0.17 ,-0.15 ,0.15 ,0.14 ,0.00,0.24,0.20,0.26,-0.14,-0.15,0.32,0.06,0.24,0.17,0.41,0.07,0.72,1.34,-0.50,-0.19,0.47,-0.02,0.51,0.26
ORCL,Oracle Corporation,2661568,ORCL-US,Information Technology,-0.01 ,0.06 ,0.02 ,-0.03 ,-0.00 ,0.03 ,0.00 ,0.04 ,0.33 ,0.15 ,-0.02,0.08,0.01,-0.08,-0.05,0.04,0.03,0.10,0.29,0.15,-0.09,-0.01,0.13,-0.12,0.01,0.20,0.21,-0.25,0.53,0.16
PCAR,PACCAR Inc,2665861,PCAR-US,Industrials,0.09 ,0.21 ,0.14 ,-0.11 ,0.01 ,0.11 ,0.00 ,0.04 ,0.59 ,0.27 ,0.18,0.12,0.18,-0.16,0.16,0.22,0.00,0.06,0.99,2.13,0.38,-0.21,0.12,0.35,-0.31,0.15,0.31,0.20,-0.36,0.59
PKG,Packaging Corporation of America,2504566,PKG-US,Materials,-0.01 ,0.09 ,0.12 ,0.01 ,-0.02 ,0.60 ,0.29 ,0.09 ,0.08 ,0.13 ,-0.02,0.16,0.18,0.06,-0.05,0.50,0.53,0.28,0.47,-0.47,0.34,-0.31,0.42,0.32,-0.21,0.24,0.65,0.52,-0.06,0.12
PH,Parker-Hannifin Corporation,2671501,PH-US,Industrials,0.00 ,0.19 ,0.06 ,-0.11 ,-0.04 ,0.02 ,-0.01 ,0.06 ,0.24 ,-0.03 ,0.05,0.39,0.12,-0.12,-0.01,0.07,-0.17,0.11,0.66,0.04,0.06,-0.03,0.47,-0.10,-0.14,0.31,0.24,-0.17,0.56,0.30
PAYX,"Paychex, Inc.",2674458,PAYX-US,Information Technology,0.12 ,0.07 ,0.07 ,0.08 ,0.09 ,0.08 ,0.04 ,0.07 ,0.04 ,-0.04 ,0.04,0.07,0.08,0.09,0.07,0.09,0.06,0.09,0.09,-0.10,0.31,0.11,0.09,0.09,0.20,0.10,0.25,-0.07,0.13,0.05
PNR,Pentair plc,BLS09M3,PNR-US,Industrials,-0.00 ,0.04 ,-0.42 ,0.06 ,-0.34 ,0.01 ,0.59 ,0.28 ,0.14 ,0.13 ,-0.06,0.17,-0.45,0.12,-0.30,0.10,5.04,-0.56,-0.04,0.34,0.19,-0.49,0.25,0.14,-0.26,-0.21,0.51,2.09,-0.09,0.13
PEP,"PepsiCo, Inc.",2681511,PEP-US,Consumer Staples,0.04 ,0.02 ,0.01 ,-0.00 ,-0.05 ,0.00 ,0.01 ,-0.02 ,0.15 ,0.34 ,0.02,0.01,0.01,0.01,-0.01,0.03,0.03,-0.08,0.12,0.19,0.23,-0.09,0.14,0.03,0.01,0.14,0.20,0.01,0.00,0.09
PKI,"PerkinElmer, Inc.",2305844,PKI-US,Health Care,0.04 ,0.23 ,0.07 ,0.01 ,-0.06 ,0.03 ,0.02 ,0.10 ,0.13 ,0.10 ,0.09,0.22,0.00,0.15,0.16,-0.11,0.29,0.70,-0.32,0.23,0.26,0.06,0.38,-0.03,0.22,0.07,0.30,0.58,-0.24,0.24
PRGO,Perrigo Co. Plc,BGH1M56,PRGO-US,Health Care,0.02 ,-0.04 ,-0.06 ,0.00 ,0.30 ,0.15 ,0.11 ,0.15 ,0.21 ,0.13 ,-0.10,-0.28,0.02,0.05,-0.17,0.08,0.19,0.18,0.32,0.41,0.34,-0.57,0.03,-0.42,0.06,0.72,0.03,0.38,0.47,1.12
PFE,Pfizer Inc.,2684703,PFE-US,Health Care,-0.04 ,0.02 ,-0.01 ,0.08 ,-0.02 ,-0.04 ,-0.06 ,-0.10 ,-0.09 ,0.34 ,-0.08,0.06,0.01,0.07,-0.05,-0.17,-0.06,-0.02,0.04,0.11,-0.13,0.15,0.10,-0.01,0.02,0.00,0.07,0.11,0.17,-0.04
PM,Philip Morris International Inc.,B2PKRQ3,PM-US,Consumer Staples,0.01 ,0.03 ,0.07 ,0.00 ,-0.10 ,-0.04 ,-0.01 ,0.01 ,0.14 ,0.09 ,0.05,-0.02,0.04,0.04,-0.13,-0.10,-0.02,0.03,0.19,0.11,0.28,-0.37,0.16,0.04,0.08,-0.09,0.00,0.02,0.28,0.16
PNW,Pinnacle West Capital Corporation,2048804,PNW-US,Utilities,-0.06 ,0.04 ,0.02 ,0.00 ,0.00 ,0.01 ,0.05 ,0.02 ,-0.01 ,-0.01 ,-0.04,-0.21,0.20,-0.14,0.08,0.00,-0.05,0.04,-0.04,0.24,0.06,0.00,0.10,0.21,-0.05,0.30,0.04,0.06,0.17,0.22
PXD,Pioneer Natural Resources Company,2690830,PXD-US,Energy,0.03 ,0.77 ,0.51 ,0.12 ,-0.27 ,0.24 ,0.24 ,0.24 ,0.32 ,0.15 ,-0.15,1.73,-3.72,-0.43,-1.45,0.16,0.43,-0.02,1.47,1.82,0.12,-0.24,-0.04,0.63,-0.16,-0.16,1.00,0.21,0.09,0.82
PPG,"PPG Industries, Inc.",2698470,PPG-US,Materials,-0.01 ,0.04 ,0.03 ,-0.07 ,-0.00 ,0.08 ,0.12 ,-0.15 ,0.11 ,0.10 ,0.07,-0.14,0.03,-0.02,0.29,0.12,0.28,-0.35,0.19,0.37,0.30,-0.18,0.20,-0.08,-0.16,0.20,0.27,0.64,-0.06,0.39
PPL,PPL Corporation,2680905,PPL-US,Utilities,-0.00 ,0.05 ,-0.01 ,-0.02 ,-0.02 ,-0.33 ,0.43 ,0.08 ,0.67 ,0.00 ,0.00,-0.02,-0.05,0.07,-0.01,0.04,0.84,0.36,2.69,-0.55,0.35,-0.05,-0.07,0.01,-0.05,0.28,0.14,-0.02,0.34,0.04
PG,Procter & Gamble Company,2704407,PG-US,Consumer Staples,0.01 ,0.03 ,-0.00 ,-0.08 ,-0.12 ,-0.04 ,0.01 ,0.03 ,0.03 ,0.03 ,0.01,-0.01,0.00,-0.02,-0.03,-0.01,-0.09,0.20,-0.16,0.02,0.41,-0.12,-0.01,0.06,0.00,0.01,0.25,-0.04,0.03,0.14
PEG,Public Service Enterprise Group Inc,2707677,PEG-US,Utilities,-0.04 ,0.10 ,0.02 ,-0.12 ,-0.11 ,0.12 ,0.06 ,-0.11 ,-0.08 ,0.02 ,-0.24,0.84,0.01,-0.46,-0.16,0.29,0.16,-0.16,-0.15,0.16,0.13,0.01,0.17,0.13,-0.07,0.29,0.05,-0.07,0.04,-0.04
PSA,Public Storage,2852533,PSA-US,Real Estate,-0.02 ,0.09 ,0.04 ,0.08 ,0.08 ,0.11 ,0.08 ,0.04 ,0.06 ,0.01 ,-0.06,0.10,0.04,0.12,0.15,0.12,0.10,0.09,0.10,-0.01,0.05,-0.03,-0.06,-0.10,0.34,0.23,0.04,0.09,0.33,0.25
PHM,"PulteGroup, Inc.",2708841,PHM-US,Consumer Discretionary,0.00 ,0.19 ,0.12 ,0.28 ,0.03 ,0.03 ,0.18 ,0.17 ,-0.09 ,0.12 ,0.01,0.37,0.01,0.23,0.11,0.17,1.59,-6.07,-0.91,-0.61,0.46,-0.24,0.63,-0.06,-0.22,0.02,0.11,1.91,-0.16,-0.25
PVH,PVH Corp.,B3V9F12,PVH-US,Consumer Discretionary,0.08 ,0.09 ,0.02 ,-0.03 ,0.01 ,0.35 ,0.03 ,0.27 ,0.93 ,-0.04 ,0.43,-0.09,-0.06,-0.01,0.08,0.03,0.04,0.66,0.49,0.00,-0.30,0.64,0.19,-0.34,-0.08,0.17,0.62,0.34,0.91,1.08
QRVO,"Qorvo, Inc.",BR9YYP4,QRVO-US,Information Technology,0.04 ,-0.02 ,0.16 ,0.53 ,0.49 ,0.19 ,0.11 ,-0.17 ,0.07 ,0.10 ,0.74,0.44,0.86,-0.65,2.23,-5.32,-1.51,-0.82,0.26,-1.44,-0.04,0.03,0.34,-0.45,4.39,0.47,0.08,-0.22,0.30,2.73
QCOM,QUALCOMM Incorporated,2714923,QCOM-US,Information Technology,0.07 ,0.01 ,-0.05 ,-0.07 ,-0.05 ,0.07 ,0.30 ,0.28 ,0.36 ,0.06 ,1.15,-0.26,-0.25,-0.08,-0.11,0.06,0.29,0.14,0.65,-0.01,0.00,0.14,-0.17,0.14,-0.35,0.10,0.07,0.26,0.18,-0.04
PWR,"Quanta Services, Inc.",2150204,PWR-US,Industrials,0.08 ,0.18 ,0.24 ,0.01 ,-0.04 ,0.21 ,0.10 ,0.41 ,0.07 ,0.18 ,-0.01,0.36,0.29,0.12,-0.43,0.00,0.13,1.39,-0.27,0.07,0.36,-0.29,0.14,0.63,-0.48,-0.09,0.17,0.29,0.05,-0.02
DGX,Quest Diagnostics Incorporated,2702791,DGX-US,Health Care,0.03 ,0.02 ,-0.02 ,0.00 ,0.01 ,0.04 ,-0.03 ,-0.02 ,0.02 ,-0.01 ,0.00,-0.05,0.04,0.02,0.08,-0.03,-0.12,0.00,-0.02,-0.01,0.26,-0.15,0.06,0.24,0.05,0.25,-0.16,0.01,-0.01,-0.17
RL,Ralph Lauren Corporation Class A,B4V9661,RL-US,Consumer Discretionary,0.02 ,-0.07 ,-0.10 ,-0.03 ,0.02 ,0.07 ,0.01 ,0.21 ,0.14 ,-0.01 ,0.07,0.39,-0.34,-0.30,-0.07,0.00,0.07,0.26,0.17,0.05,0.11,0.37,-0.18,-0.29,-0.19,-0.09,-0.05,0.35,0.41,0.93
RJF,"Raymond James Financial, Inc.",2718992,RJF-US,Financials,0.07 ,0.14 ,0.19 ,0.05 ,0.06 ,0.08 ,0.18 ,0.14 ,0.14 ,0.14 ,0.05,0.30,0.17,0.06,0.09,0.18,0.22,0.12,0.36,0.48,-0.15,0.10,0.47,0.16,-0.06,0.30,0.15,0.54,0.04,0.10
RTN,Raytheon Company,2758051,RTN-US,Industrials,0.08 ,0.07 ,0.05 ,0.04 ,0.02 ,-0.04 ,-0.03 ,-0.02 ,-0.02 ,0.01 ,0.05,0.07,0.35,0.09,-0.11,0.08,-0.01,0.05,0.07,-0.13,0.41,-0.20,0.30,0.12,0.12,0.16,0.51,0.15,-0.01,-0.15
O,Realty Income Corporation,2724193,O-US,Real Estate,0.12 ,0.09 ,0.11 ,0.08 ,0.10 ,0.20 ,0.65 ,0.13 ,0.22 ,0.05 ,0.14,0.08,0.10,0.07,0.12,0.20,0.34,0.07,0.21,0.04,0.28,0.18,0.08,0.16,0.21,0.39,0.44,0.15,0.15,0.49
REGN,"Regeneron Pharmaceuticals, Inc.",2730190,REGN-US,Health Care,0.17 ,0.14 ,0.21 ,0.18 ,0.46 ,0.34 ,0.53 ,2.09 ,-0.03 ,0.21 ,-0.13,0.22,0.56,0.06,0.49,0.10,0.65,-3.24,1.10,0.32,0.02,0.01,0.04,-0.32,0.35,0.53,0.65,2.24,0.75,0.50
RSG,"Republic Services, Inc.",2262530,RSG-US,Industrials,0.03 ,-0.00 ,0.07 ,0.03 ,0.04 ,0.04 ,0.04 ,-0.01 ,0.01 ,-0.01 ,0.04,0.06,0.03,0.02,0.28,0.03,-0.08,-0.17,0.01,0.04,0.23,0.04,0.16,0.27,0.07,0.19,0.13,0.04,-0.11,0.06
RMD,ResMed Inc.,2732903,RMD-US,Health Care,0.11 ,0.13 ,0.12 ,0.10 ,0.08 ,0.03 ,0.11 ,0.10 ,0.14 ,0.19 ,0.14,0.23,0.05,0.05,0.02,0.12,0.23,0.09,0.12,0.26,0.19,0.33,0.24,0.12,0.11,0.11,0.45,-0.06,0.02,0.50
RHI,Robert Half International Inc.,2110703,RHI-US,Industrials,0.05 ,0.10 ,0.00 ,0.03 ,0.09 ,0.11 ,0.03 ,0.09 ,0.19 ,0.05 ,0.06,0.14,-0.07,-0.05,0.17,0.25,0.10,0.45,1.18,0.75,0.07,-0.01,0.11,0.01,-0.22,0.37,0.30,0.10,-0.10,0.13
ROK,"Rockwell Automation, Inc.",2754060,ROK-US,Industrials,0.00 ,0.06 ,0.07 ,-0.07 ,-0.05 ,0.04 ,0.01 ,0.04 ,0.23 ,0.12 ,0.03,0.26,0.05,-0.15,-0.02,0.15,0.00,0.10,0.51,0.55,-0.16,-0.01,0.46,0.17,-0.11,0.01,0.53,0.22,-0.09,0.44
ROL,"Rollins, Inc.",2747305,ROL-US,Industrials,0.11 ,0.09 ,0.06 ,0.06 ,0.05 ,0.06 ,0.05 ,0.05 ,0.06 ,0.06 ,0.03,0.05,0.13,0.08,0.10,0.14,0.08,0.09,0.13,0.10,-0.08,0.16,0.38,0.30,0.18,0.09,0.37,-0.01,0.12,0.52
ROP,"Roper Technologies, Inc.",2749602,ROP-US,Industrials,0.03 ,0.13 ,0.22 ,0.06 ,0.01 ,0.10 ,0.08 ,0.07 ,0.17 ,0.16 ,0.07,0.15,0.14,0.03,0.03,0.19,0.11,0.16,0.28,0.30,0.34,0.04,0.43,-0.03,0.22,0.14,0.25,0.31,0.16,0.48
ROST,"Ross Stores, Inc.",2746711,ROST-US,Consumer Discretionary,0.07 ,0.06 ,0.10 ,0.08 ,0.08 ,0.08 ,0.05 ,0.13 ,0.09 ,0.09 ,0.05,0.00,0.14,0.11,0.09,0.11,0.06,0.20,0.17,0.25,-0.20,0.16,0.17,0.10,0.19,0.31,0.10,0.13,0.50,0.37
RCL,Royal Caribbean Cruises Ltd.,2754907,RCL-US,Consumer Discretionary,0.15 ,0.08 ,0.03 ,0.02 ,0.03 ,0.01 ,0.04 ,0.02 ,0.12 ,0.15 ,0.08,0.02,0.05,0.16,0.55,0.23,0.19,-0.12,0.01,0.34,0.36,-0.20,0.45,-0.20,0.22,0.73,0.41,0.38,-0.47,0.88
SPGI,"S&P Global, Inc.",BYV2325,SPGI-US,Financials,0.07 ,0.03 ,0.07 ,0.07 ,0.05 ,0.07 ,0.06 ,0.13 ,-0.36 ,0.04 ,0.13,0.01,0.18,0.21,0.08,0.16,0.12,0.23,-0.21,0.11,0.57,-0.02,0.54,0.06,0.08,0.14,0.39,0.23,0.11,0.06
CRM,"salesforce.com, inc.",2310525,CRM-US,Information Technology,0.29 ,0.26 ,0.26 ,0.26 ,0.24 ,0.32 ,0.33 ,0.35 ,0.37 ,0.27 ,-0.10,0.24,4.88,0.03,-1.51,-0.49,1.58,2.16,-1.36,-0.15,0.39,0.41,0.49,0.23,0.24,-0.01,0.47,0.57,-0.07,1.12
SBAC,SBA Communications Corp. Class A,BZ6TS23,SBAC-US,Real Estate,0.08 ,0.08 ,0.06 ,-0.00 ,0.07 ,0.17 ,0.37 ,0.37 ,0.11 ,0.13 ,0.12,0.15,0.17,0.03,0.14,0.33,0.43,0.57,0.37,0.42,0.48,-0.04,0.52,-0.05,-0.08,0.24,0.28,0.91,0.00,0.18
SLB,Schlumberger NV,2779201,SLB-US,Energy,0.00 ,0.08 ,0.09 ,-0.22 ,-0.27 ,0.07 ,0.08 ,0.06 ,0.44 ,0.21 ,-0.07,0.07,0.17,-0.56,-0.40,0.16,0.15,0.08,0.44,0.20,0.12,-0.46,-0.20,0.33,-0.20,-0.08,0.28,0.01,-0.20,0.46
STX,Seagate Technology PLC,B58JVZ5,STX-US,Information Technology,-0.07 ,0.04 ,-0.03 ,-0.19 ,0.00 ,-0.04 ,-0.04 ,0.36 ,-0.04 ,0.16 ,-0.16,0.34,0.92,-0.54,-0.18,-0.14,-0.33,3.00,-0.58,-19.91,-0.22,0.43,0.58,-0.53,-0.18,0.15,0.65,0.41,0.12,0.22
SEE,Sealed Air Corporation,2232793,SEE-US,Materials,0.01 ,0.06 ,0.06 ,-0.40 ,-0.09 ,0.01 ,0.02 ,0.34 ,0.26 ,0.06 ,-0.06,0.15,-0.02,-0.28,0.16,-0.02,0.15,0.18,0.04,0.09,0.13,-0.35,-0.05,0.00,-0.02,0.34,0.96,0.03,-0.18,0.17
SRE,Sempra Energy,2138158,SRE-US,Utilities,0.07 ,-0.10 ,0.10 ,0.00 ,-0.08 ,0.04 ,0.10 ,-0.04 ,0.12 ,0.11 ,0.56,-0.23,0.36,-0.19,0.18,-0.03,0.21,-0.14,0.09,0.20,0.49,0.10,0.07,0.08,-0.15,0.25,0.28,0.30,0.05,-0.09
SHW,Sherwin-Williams Company,2804211,SHW-US,Materials,0.02 ,0.17 ,0.26 ,0.05 ,0.02 ,0.09 ,0.07 ,0.09 ,0.13 ,0.10 ,0.28,0.09,-0.02,0.10,0.25,0.12,0.13,0.32,0.04,0.03,0.47,-0.05,0.54,0.04,-0.04,0.36,0.16,0.71,0.03,0.33
SPG,"Simon Property Group, Inc.",2812452,SPG-US,Real Estate,0.00 ,0.02 ,0.02 ,0.03 ,0.08 ,-0.06 ,0.06 ,0.14 ,0.09 ,0.05 ,-0.03,0.04,0.03,0.02,0.12,-0.01,0.08,0.16,0.11,0.07,-0.12,-0.03,-0.04,-0.08,0.05,0.20,-0.02,0.28,0.30,0.28
SWKS,"Skyworks Solutions, Inc.",2961053,SWKS-US,Information Technology,-0.13 ,0.06 ,0.11 ,0.01 ,0.42 ,0.28 ,0.14 ,0.11 ,0.32 ,0.34 ,-0.27,0.04,0.12,0.09,0.79,0.63,0.31,-0.10,0.50,1.27,-0.18,-0.14,0.33,-0.12,0.53,1.25,0.03,0.35,-0.10,0.81
SLG,SL Green Realty Corp.,2096847,SLG-US,Real Estate,-0.14 ,0.02 ,-0.10 ,0.03 ,0.08 ,0.01 ,0.04 ,0.13 ,0.15 ,0.09 ,-0.28,0.74,0.33,-0.27,-0.21,0.16,0.08,0.07,0.22,1.11,0.10,-0.29,-0.13,-0.04,-0.02,0.32,0.25,0.22,0.08,0.36
SNA,Snap-on Incorporated,2818740,SNA-US,Industrials,-0.00 ,0.02 ,0.08 ,0.03 ,0.03 ,0.08 ,0.04 ,0.04 ,0.11 ,0.11 ,0.00,0.09,0.03,0.12,0.11,0.17,0.11,0.14,0.36,0.25,0.15,-0.19,0.00,0.00,0.26,0.26,0.40,0.53,-0.10,0.35
SO,Southern Company,2829601,SO-US,Utilities,-0.10 ,0.02 ,0.16 ,0.14 ,-0.05 ,0.08 ,0.03 ,-0.06 ,0.01 ,0.11 ,-0.03,-0.11,0.18,0.09,0.04,0.03,0.03,0.04,0.13,0.16,0.54,-0.06,-0.01,0.14,-0.04,0.22,-0.02,-0.07,0.24,0.18
LUV,Southwest Airlines Co.,2831543,LUV-US,Industrials,0.02 ,0.04 ,0.04 ,0.02 ,0.07 ,0.05 ,0.04 ,0.09 ,0.29 ,0.17 ,-0.05,-0.20,0.12,-0.23,0.97,0.93,0.32,-0.03,-0.26,0.99,0.09,-0.33,0.19,0.16,-0.02,1.17,0.76,0.13,-0.32,0.14
SWK,"Stanley Black & Decker, Inc.",B3Q2FJ4,SWK-US,Industrials,0.03 ,0.08 ,0.14 ,0.02 ,-0.01 ,0.04 ,0.07 ,-0.02 ,0.23 ,1.25 ,0.03,0.01,0.12,0.09,-0.02,0.12,0.02,-0.02,0.58,0.83,0.42,-0.31,0.49,0.06,0.09,0.20,0.09,0.01,0.03,1.68
SBUX,Starbucks Corporation,2842255,SBUX-US,Consumer Discretionary,0.07 ,0.10 ,0.05 ,0.11 ,0.16 ,0.11 ,0.12 ,0.14 ,0.09 ,0.09 ,0.01,-0.02,0.01,0.16,0.19,0.27,0.23,0.17,0.12,0.40,0.41,-0.03,-0.03,-0.08,0.53,-0.03,0.53,0.37,0.44,0.31
STE,STERIS Plc,BFY8C75,STE-US,Health Care,0.06 ,0.00 ,0.17 ,0.21 ,0.14 ,0.08 ,0.07 ,0.17 ,-0.04 ,-0.03 ,0.06,0.36,-0.03,0.38,0.03,-0.07,0.10,1.67,-0.59,0.16,0.37,0.34,-0.03,0.46,0.49,0.15,0.34,-0.11,0.02,0.47
SYK,Stryker Corporation,2853688,SYK-US,Health Care,0.09 ,0.09 ,0.10 ,0.14 ,0.03 ,0.07 ,0.04 ,0.04 ,0.13 ,0.09 ,0.09,0.12,0.07,0.14,0.01,0.06,0.09,-0.03,0.07,0.07,0.34,0.01,0.29,0.30,-0.03,0.26,0.36,0.10,-0.10,0.05
SNPS,"Synopsys, Inc.",2867719,SNPS-US,Information Technology,0.08 ,0.14 ,0.12 ,0.09 ,0.09 ,0.05 ,0.11 ,0.14 ,0.12 ,0.02 ,0.43,-0.06,0.23,0.13,0.27,0.02,0.14,-0.05,0.20,-0.16,0.53,0.03,0.45,0.16,0.21,0.14,0.16,0.26,0.01,0.17
SYY,Sysco Corporation,2868165,SYY-US,Consumer Staples,0.02 ,0.06 ,0.10 ,0.03 ,0.05 ,0.05 ,0.05 ,0.08 ,0.06 ,0.01 ,0.04,0.08,0.10,0.13,0.12,-0.04,-0.12,-0.02,-0.02,0.06,0.02,0.33,-0.06,0.24,0.03,0.11,0.15,-0.06,0.12,0.23
TMUS,"T-Mobile US, Inc.",B94Q9V0,TMUS-US,Communication Services,0.04 ,0.06 ,0.08 ,0.17 ,0.08 ,0.21 ,3.79 ,0.05 ,0.19 ,0.17 ,0.22,0.25,0.38,0.49,1.36,-0.24,0.39,0.11,0.10,0.28,0.24,-0.01,0.15,0.48,0.47,-0.19,6.45,0.15,-0.30,0.67
TROW,T. Rowe Price Group,2702337,TROW-US,Financials,0.05 ,0.08 ,0.15 ,0.01 ,0.06 ,0.15 ,0.14 ,0.11 ,0.16 ,0.26 ,0.11,0.04,0.18,-0.04,0.01,0.17,0.18,0.13,0.17,0.49,0.30,-0.15,0.40,0.03,-0.20,0.02,0.31,0.16,-0.14,0.21
TTWO,"Take-Two Interactive Software, Inc.",2122117,TTWO-US,Communication Services,0.49 ,0.01 ,0.26 ,0.31 ,-0.54 ,0.94 ,0.47 ,-0.27 ,0.32 ,-0.44 ,0.23,0.47,0.36,-1.35,-1.50,88.35,-1.06,-2.09,-3.94,-1.22,-0.05,0.83,0.87,0.45,0.15,0.29,0.09,0.05,0.60,-0.10
TPR,"Tapestry, Inc.",BF09HX3,TPR-US,Consumer Discretionary,0.03 ,0.31 ,-0.00 ,0.07 ,-0.13 ,-0.05 ,0.07 ,0.15 ,0.15 ,0.12 ,-0.08,0.21,0.17,-0.08,-0.39,-0.21,0.04,0.15,0.14,0.18,-0.32,0.01,0.18,0.14,0.06,-0.41,-0.03,-0.12,0.79,0.24
TGT,Target Corporation,2259101,TGT-US,Consumer Discretionary,0.04 ,0.04 ,0.05 ,-0.06 ,0.02 ,0.02 ,-0.03 ,0.05 ,0.04 ,0.03 ,0.11,-0.03,-0.01,-0.03,0.09,-0.01,-0.20,-0.02,0.01,0.11,0.52,-0.07,0.12,-0.19,-0.07,0.31,-0.09,0.18,-0.12,0.00
TEL,TE Connectivity Ltd.,B62B7C3,TEL-US,Information Technology,-0.04 ,0.15 ,-0.00 ,0.00 ,0.02 ,0.05 ,-0.14 ,-0.07 ,0.19 ,0.18 ,-0.10,0.17,0.08,-0.02,0.05,0.14,-0.04,-0.09,0.15,1.11,0.02,0.04,0.28,-0.01,-0.04,0.12,0.49,0.21,-0.08,0.25
TFX,Teleflex Incorporated,2881407,TFX-US,Health Care,0.06 ,0.14 ,0.15 ,0.03 ,-0.01 ,0.08 ,0.09 ,0.01 ,-0.15 ,-0.05 ,0.08,0.14,0.05,0.17,0.12,0.11,0.08,-0.03,-0.07,-0.07,0.50,0.06,0.58,0.30,0.15,0.23,0.32,0.17,0.16,0.00
TXN,Texas Instruments Incorporated,2885409,TXN-US,Information Technology,-0.09 ,0.06 ,0.12 ,0.03 ,-0.00 ,0.07 ,-0.04 ,-0.07 ,-0.02 ,0.34 ,-0.15,0.11,0.26,0.14,0.08,0.47,0.14,-0.33,-0.25,1.09,0.34,-0.13,0.41,0.31,-0.01,0.18,0.39,0.03,-0.13,0.17
TXT,Textron Inc.,2885937,TXT-US,Industrials,-0.02 ,-0.02 ,0.03 ,0.03 ,-0.03 ,0.15 ,-0.01 ,0.09 ,0.07 ,0.00 ,-0.04,0.06,-0.12,0.03,0.04,0.25,-0.17,0.36,0.45,0.06,-0.05,-0.27,0.13,0.14,-0.01,0.13,0.58,0.27,-0.21,0.27
TMO,Thermo Fisher Scientific Inc.,2886907,TMO-US,Health Care,0.05 ,0.16 ,0.14 ,0.08 ,0.00 ,0.29 ,0.05 ,0.08 ,0.11 ,0.03 ,0.10,0.19,0.14,0.15,0.06,0.31,0.10,0.10,0.17,0.13,0.46,0.27,0.37,-0.02,0.13,0.24,0.77,0.37,-0.23,0.11
TIF,Tiffany & Co.,2892090,TIF-US,Consumer Discretionary,0.07 ,0.04 ,-0.03 ,-0.03 ,0.05 ,0.06 ,0.04 ,0.18 ,0.14 ,-0.05 ,-0.04,0.07,-0.03,-0.09,0.13,0.10,-0.07,0.24,0.36,-0.08,-0.19,0.35,0.21,-0.28,0.05,0.28,0.03,0.10,0.44,1.00
TJX,TJX Companies Inc,2989301,TJX-US,Consumer Discretionary,0.07 ,0.09 ,0.08 ,0.07 ,0.06 ,0.06 ,0.06 ,0.12 ,0.06 ,0.08 ,0.07,0.03,0.04,0.05,0.03,0.08,0.06,0.26,0.08,0.15,-0.15,0.21,0.03,0.02,0.05,0.12,0.23,0.30,0.35,0.19
TSCO,Tractor Supply Company,2900335,TSCO-US,Consumer Discretionary,0.06 ,0.09 ,0.07 ,0.09 ,0.09 ,0.11 ,0.11 ,0.10 ,0.16 ,0.13 ,0.06,0.02,-0.01,0.07,0.10,0.15,0.18,0.24,0.32,0.44,0.08,0.08,-0.06,-0.14,0.08,0.01,0.74,0.22,0.42,0.81
TT,Trane Technologies plc,BK9ZQ96,TT-US,Industrials,0.06 ,0.10 ,0.05 ,0.02 ,0.03 ,0.04 ,-0.12 ,-0.05 ,0.05 ,0.07 ,0.05,0.16,0.08,0.07,0.05,0.07,-0.13,0.01,0.18,0.44,0.44,-0.01,0.14,0.35,-0.13,-0.04,0.23,0.57,-0.41,0.35
TDG,TransDigm Group Incorporated,B11FJK3,TDG-US,Industrials,0.37 ,0.09 ,0.10 ,0.17 ,0.14 ,0.23 ,0.12 ,0.42 ,0.46 ,0.09 ,0.20,0.12,0.14,0.18,0.16,0.23,0.08,0.46,0.34,0.08,0.42,0.48,-0.14,0.35,0.18,0.32,0.00,0.78,0.34,0.28
TSN,"Tyson Foods, Inc. Class A",2909730,TSN-US,Consumer Staples,0.06 ,0.05 ,0.03 ,-0.11 ,0.10 ,0.09 ,0.03 ,0.03 ,0.14 ,0.06 ,-0.10,0.00,0.13,0.24,0.47,0.12,0.13,0.00,-0.22,1.58,0.43,-0.16,-0.04,0.64,0.15,0.44,0.71,-0.11,0.05,0.32
UDR,"UDR, Inc.",2727910,UDR-US,Real Estate,-0.02 ,0.14 ,0.09 ,0.07 ,0.10 ,0.08 ,0.05 ,0.03 ,0.10 ,0.06 ,-0.37,0.55,0.34,0.08,0.30,0.25,0.34,0.91,-0.07,-0.23,0.26,0.06,0.06,-0.01,0.25,0.34,-0.02,0.08,0.28,0.68
ULTA,Ulta Beauty Inc,B28TS42,ULTA-US,Consumer Discretionary,0.10 ,0.14 ,0.21 ,0.24 ,0.21 ,0.21 ,0.20 ,0.25 ,0.22 ,0.19 ,0.05,0.08,0.20,0.29,0.23,0.23,0.17,0.50,0.65,0.74,-0.18,0.28,-0.21,0.46,0.36,0.54,-0.12,0.30,1.17,0.96
UAA,"Under Armour, Inc. Class A",B0PZN11,UAA-US,Consumer Discretionary,0.01 ,0.04 ,0.03 ,0.22 ,0.28 ,0.32 ,0.27 ,0.25 ,0.38 ,0.24 ,0.34,0.05,-0.65,0.06,0.16,0.32,0.28,0.29,0.44,0.32,0.23,0.24,-0.50,-0.63,1.40,0.57,0.82,0.37,0.32,1.05
UNP,Union Pacific Corporation,2914734,UNP-US,Industrials,-0.05 ,0.07 ,0.07 ,-0.09 ,-0.09 ,0.09 ,0.05 ,0.07 ,0.15 ,0.20 ,0.00,0.05,0.12,-0.10,-0.08,0.18,0.10,0.18,0.15,0.47,0.25,-0.04,0.24,0.27,-0.37,0.37,0.30,0.16,0.12,0.41
UAL,"United Airlines Holdings, Inc.",B4QG225,UAL-US,Industrials,0.05 ,0.09 ,0.03 ,-0.03 ,-0.03 ,0.02 ,0.03 ,0.00 ,0.59 ,0.42 ,0.23,-0.02,-0.28,-0.14,1.21,0.53,0.29,-0.24,0.02,4.01,-0.02,0.17,-0.16,0.10,-0.17,0.83,0.76,0.24,-0.20,2.61
UPS,"United Parcel Service, Inc. Class B",2517382,UPS-US,Industrials,0.03 ,0.08 ,0.10 ,0.04 ,-0.00 ,0.05 ,0.03 ,0.02 ,0.08 ,0.10 ,0.11,-0.06,0.48,-0.31,0.21,-0.14,4.62,-0.80,0.07,0.49,0.20,-0.18,0.03,0.17,-0.15,0.04,0.38,0.00,-0.02,0.26
URI,"United Rentals, Inc.",2134781,URI-US,Industrials,0.16 ,0.21 ,0.15 ,-0.01 ,0.02 ,0.15 ,0.20 ,0.58 ,0.17 ,-0.05 ,0.08,0.24,0.11,-0.05,0.06,0.26,0.36,0.82,0.92,0.66,0.51,-0.44,0.63,0.34,-0.33,0.37,0.72,1.28,0.35,1.34
UTX,United Technologies Corporation,2915500,UTX-US,Industrials,0.16 ,0.11 ,0.04 ,0.02 ,-0.03 ,-0.07 ,0.09 ,0.04 ,0.06 ,-0.01 ,0.22,0.08,-0.14,-0.04,-0.04,-0.01,0.17,-0.03,0.09,-0.01,0.41,-0.10,0.15,0.10,-0.23,0.00,0.38,0.14,-0.09,0.12
UHS,"Universal Health Services, Inc. Class B",2923785,UHS-US,Health Care,0.06 ,0.04 ,0.07 ,0.08 ,0.12 ,0.11 ,0.05 ,-0.07 ,0.35 ,0.07 ,0.07,-0.04,0.00,0.03,0.16,0.12,0.01,0.06,0.60,0.07,0.17,0.00,0.04,-0.12,0.07,0.37,0.69,0.26,-0.11,0.43
VFC,V.F. Corporation,2928683,VFC-US,Consumer Discretionary,0.13 ,0.01 ,-0.05 ,0.02 ,0.09 ,0.03 ,0.18 ,0.21 ,0.05 ,-0.03 ,0.40,-0.21,-0.30,0.19,0.23,-0.02,0.40,0.11,0.01,0.08,0.18,0.32,-0.17,-0.17,0.18,0.66,0.16,0.51,0.15,0.29
VLO,Valero Energy Corporation,2041364,VLO-US,Energy,-0.07 ,0.25 ,0.24 ,-0.14 ,-0.33 ,-0.05 ,-0.01 ,0.11 ,0.53 ,0.21 ,-0.16,0.20,0.05,-0.37,0.15,0.37,-0.26,0.26,1.14,-7.15,0.22,-0.21,0.29,-0.08,0.31,-0.06,0.43,0.61,-0.11,0.39
VAR,"Varian Medical Systems, Inc.",2927516,VAR-US,Health Care,0.10 ,0.11 ,-0.00 ,-0.15 ,0.02 ,0.04 ,0.05 ,0.08 ,0.10 ,0.07 ,0.00,0.32,-0.15,-0.16,-0.10,-0.02,0.03,0.00,0.12,0.11,0.05,0.11,-0.02,0.26,-0.10,0.03,0.20,0.13,-0.18,0.43
VTR,"Ventas, Inc.",2927925,VTR-US,Real Estate,0.03 ,0.05 ,0.04 ,0.05 ,0.07 ,0.09 ,0.13 ,0.41 ,0.75 ,0.08 ,0.05,-0.09,0.04,0.14,0.00,0.03,0.26,0.23,0.27,0.10,0.03,-0.02,-0.03,0.17,-0.12,0.27,-0.11,0.19,0.93,0.20
VRSN,"VeriSign, Inc.",2142922,VRSN-US,Information Technology,0.01 ,0.04 ,0.02 ,0.08 ,0.05 ,0.05 ,0.10 ,0.13 ,0.13 ,-0.34 ,0.05,0.08,0.03,0.13,0.07,0.07,0.16,0.32,0.38,-0.24,0.26,0.59,0.42,-0.18,0.42,-0.16,0.34,0.05,0.01,0.27
VRSK,Verisk Analytics Inc,B4P9W92,VRSK-US,Industrials,0.09 ,0.12 ,0.08 ,0.13 ,0.01 ,0.09 ,0.04 ,0.15 ,0.17 ,0.11 ,-0.01,0.03,0.05,0.05,0.10,0.08,0.04,0.16,0.16,0.46,0.36,0.13,0.17,0.04,0.29,-0.08,0.29,0.30,0.14,0.06
VZ,Verizon Communications Inc.,2090571,VZ-US,Communication Services,0.01 ,0.04 ,0.00 ,-0.04 ,0.04 ,0.05 ,0.04 ,0.04 ,0.04 ,-0.01 ,0.02,0.13,0.02,-0.21,0.74,-0.40,0.51,0.12,-0.01,-0.03,0.09,0.08,-0.01,0.16,-0.03,0.38,0.14,0.09,0.12,0.08
VRTX,Vertex Pharmaceuticals Incorporated,2931034,VRTX-US,Health Care,0.35 ,0.23 ,0.46 ,0.65 ,0.78 ,-0.52 ,-0.21 ,0.08 ,8.84 ,0.41 ,0.76,0.67,34.54,-1.02,-0.28,2.22,-48.76,-0.98,-1.32,0.17,0.34,0.11,1.07,-0.41,0.08,0.65,0.91,0.31,-0.03,-0.17
VIAC,ViacomCBS Inc. Class B,BKTNTR9,VIAC-US,Communication Services,0.02 ,0.99 ,0.04 ,0.04 ,-0.08 ,-0.10 ,0.08 ,-0.01 ,0.01 ,0.08 ,-0.21,0.96,0.10,0.03,-0.14,-0.09,0.09,0.17,0.36,0.53,-0.04,0.19,-0.14,0.20,-0.22,-0.26,0.58,0.36,0.36,0.37
V,Visa Inc. Class A,B2PZN04,V-US,Information Technology,0.11 ,0.12 ,0.22 ,0.09 ,0.09 ,0.08 ,0.13 ,0.13 ,0.14 ,0.17 ,0.14,0.11,0.21,0.10,0.11,0.13,0.16,0.14,0.20,0.28,0.12,0.39,0.24,0.14,0.29,0.08,0.36,0.53,0.09,0.05
VNO,Vornado Realty Trust,2933632,VNO-US,Real Estate,1.25 ,0.14 ,-0.02 ,-0.21 ,-0.00 ,0.01 ,-0.03 ,-0.05 ,0.03 ,0.06 ,3.97,0.25,-0.15,-0.34,0.08,0.07,0.17,-0.14,-0.19,0.27,0.07,-0.20,-0.25,0.05,-0.15,0.33,0.11,0.05,-0.07,0.21
VMC,Vulcan Materials Company,2931205,VMC-US,Materials,0.12 ,0.13 ,0.08 ,0.05 ,0.14 ,0.08 ,0.08 ,0.00 ,0.00 ,-0.05 ,0.15,0.15,-0.03,0.20,0.81,0.89,1.24,-9.97,-0.69,-1.22,0.46,-0.23,0.03,0.31,0.46,0.12,0.15,0.33,-0.11,-0.14
GWW,"W.W. Grainger, Inc.",2380863,GWW-US,Industrials,0.02 ,0.08 ,0.03 ,0.02 ,0.00 ,0.06 ,0.05 ,0.11 ,0.12 ,0.15 ,0.03,0.17,-0.01,-0.16,-0.03,0.07,0.18,0.07,0.23,0.28,0.15,0.19,-0.03,0.09,-0.27,-0.02,0.25,0.07,0.37,0.37
WBA,Walgreens Boots Alliance Inc,BTN1Y44,WBA-US,Consumer Staples,0.04 ,0.11 ,0.01 ,0.13 ,0.35 ,0.06 ,0.01 ,-0.01 ,0.07 ,0.06 ,-0.16,-0.02,-0.02,0.29,0.30,0.03,0.03,-0.13,0.11,0.05,-0.30,-0.22,-0.05,-0.07,0.64,0.26,0.35,0.08,0.24,-0.25
WMT,Walmart Inc.,2936921,WMT-US,Consumer Staples,0.02 ,0.03 ,0.03 ,0.01 ,-0.01 ,0.02 ,0.02 ,0.05 ,0.06 ,0.03 ,-0.11,0.09,-0.04,-0.09,-0.11,0.01,-0.03,0.05,0.04,0.04,-0.04,-0.12,0.55,-0.03,-0.24,0.14,0.04,0.11,0.06,-0.03
DIS,Walt Disney Company,2270726,DIS-US,Communication Services,0.17 ,0.08 ,-0.01 ,0.06 ,0.07 ,0.08 ,0.06 ,0.03 ,0.07 ,0.05 ,-0.21,0.08,-0.03,0.11,0.12,0.23,0.04,0.15,0.14,0.18,0.32,0.19,0.00,-0.10,0.09,0.29,0.26,0.71,-0.14,0.25
WM,"Waste Management, Inc.",2937667,WM-US,Industrials,0.04 ,0.03 ,0.06 ,0.05 ,-0.07 ,0.00 ,0.03 ,0.02 ,0.07 ,0.06 ,0.01,0.04,0.09,0.13,-0.05,0.09,0.04,-0.03,0.01,0.01,0.28,0.01,0.20,0.31,0.01,0.13,0.33,0.04,-0.14,0.07
WAT,Waters Corporation,2937689,WAT-US,Health Care,-0.01 ,0.05 ,0.07 ,0.06 ,0.03 ,0.04 ,0.03 ,-0.00 ,0.13 ,0.10 ,-0.03,0.11,0.06,0.10,0.07,0.06,-0.01,-0.04,0.16,0.18,0.06,-0.10,0.43,-0.02,0.17,0.10,0.13,0.14,-0.08,0.22
WEC,WEC Energy Group Inc,BYY8XK8,WEC-US,Utilities,-0.02 ,0.00 ,0.02 ,0.26 ,0.19 ,0.11 ,0.07 ,-0.06 ,0.07 ,0.02 ,0.08,-0.19,0.03,0.23,0.31,0.05,0.02,0.11,0.41,0.22,0.33,0.04,0.13,0.14,0.36,0.27,0.11,0.05,0.17,0.18
WELL,"Welltower, Inc.",BYVYHH4,WELL-US,Real Estate,0.09 ,0.09 ,0.01 ,0.11 ,0.16 ,0.16 ,0.58 ,0.28 ,1.10 ,0.19 ,0.14,0.07,-0.21,0.07,0.39,0.56,-0.03,0.21,0.61,-0.06,0.26,0.12,-0.02,0.01,-0.03,0.60,-0.03,0.52,0.50,0.28
WDC,Western Digital Corporation,2954699,WDC-US,Information Technology,-0.20 ,0.08 ,0.47 ,-0.11 ,-0.04 ,-0.01 ,0.23 ,0.31 ,-0.03 ,0.32 ,-0.93,0.72,1.44,-0.50,-0.05,-0.06,-0.04,2.01,-0.52,1.18,-0.39,-0.12,0.97,-0.29,-0.14,0.48,0.96,-0.12,0.22,0.18
WU,Western Union Company,B1F76F9,WU-US,Information Technology,-0.05 ,0.01 ,0.02 ,-0.01 ,-0.02 ,0.01 ,-0.02 ,0.03 ,0.06 ,0.02 ,-0.06,0.18,-0.14,-0.05,0.01,-0.04,-0.14,-0.09,0.10,0.00,0.49,-0.14,-0.17,0.16,-0.04,-0.01,0.22,-0.31,-0.07,-0.06
WAB,Westinghouse Air Brake Technologies Corporation,2955733,WAB-US,Industrials,0.88 ,0.12 ,0.32 ,-0.11 ,0.09 ,0.19 ,0.07 ,0.22 ,0.31 ,0.08 ,0.69,0.19,-0.08,-0.21,0.21,0.21,0.11,0.27,0.53,0.10,1.20,-0.13,-0.01,0.21,-0.22,0.17,0.71,0.25,0.32,0.30
WRK,WestRock Company,BYR0914,WRK-US,Materials,0.12 ,0.10 ,0.05 ,0.27 ,0.12 ,0.04 ,0.04 ,0.71 ,0.80 ,0.07 ,0.09,0.24,0.35,-0.20,0.09,0.02,0.47,0.34,0.19,-0.12,-0.31,-0.06,0.19,-0.08,0.98,-0.09,0.43,0.49,0.77,0.06
WHR,Whirlpool Corporation,2960384,WHR-US,Consumer Discretionary,-0.03 ,-0.01 ,0.03 ,-0.01 ,0.05 ,0.06 ,0.03 ,-0.03 ,0.02 ,0.07 ,-0.04,-0.22,0.00,0.00,0.09,-0.07,0.35,0.30,-0.17,0.19,0.36,-0.43,-0.11,0.19,-0.25,0.25,0.50,1.22,-0.46,0.12
WMB,"Williams Companies, Inc.",2967181,WMB-US,Energy,-0.06 ,0.08 ,0.07 ,0.02 ,-0.04 ,0.11 ,-0.08 ,-0.05 ,-0.17 ,0.26 ,0.17,0.12,0.06,0.13,0.15,-0.04,-0.16,-0.13,0.12,0.92,0.08,0.06,0.08,0.21,-0.43,0.27,0.18,0.14,0.35,0.18
WLTW,Willis Towers Watson Public Limited Company,BDB6Q21,WLTW-US,Financials,0.06 ,0.04 ,0.04 ,1.05 ,0.01 ,0.04 ,0.05 ,0.01 ,0.02 ,0.03 ,0.38,-0.10,0.25,0.43,-0.10,-0.07,1.45,-0.59,-0.02,0.10,0.33,-0.02,0.19,0.89,0.10,0.00,0.38,-0.14,0.14,0.33
WYNN,"Wynn Resorts, Limited",2963811,WYNN-US,Consumer Discretionary,-0.02 ,0.11 ,0.36 ,0.10 ,-0.25 ,-0.03 ,0.09 ,-0.02 ,0.26 ,0.37 ,-0.22,0.16,0.60,-0.08,-0.43,0.00,0.23,0.04,0.56,1.49,0.41,-0.39,0.97,0.25,-0.53,-0.23,0.73,-0.18,0.07,0.80
XEL,Xcel Energy Inc.,2614807,XEL-US,Utilities,0.00 ,0.01 ,0.03 ,0.01 ,-0.06 ,0.07 ,0.08 ,-0.05 ,0.03 ,0.07 ,0.07,-0.12,0.00,0.03,0.10,0.06,0.02,0.02,0.10,0.10,0.31,0.04,0.18,0.13,0.00,0.31,0.07,-0.03,0.18,0.17
XRX,Xerox Holdings Corporation,BJJD5G3,XRX-US,Information Technology,-0.08 ,-0.04 ,-0.05 ,-0.06 ,-0.41 ,-0.09 ,-0.01 ,-0.04 ,0.05 ,0.43 ,0.03,-0.05,0.17,-0.15,-0.28,-0.05,-0.13,0.05,0.05,0.74,0.73,-0.39,-0.16,-0.18,-0.30,0.07,0.73,-0.22,-0.34,1.19
XLNX,"Xilinx, Inc.",2985677,XLNX-US,Information Technology,0.24 ,0.05 ,0.06 ,-0.07 ,-0.00 ,0.10 ,-0.03 ,-0.05 ,0.29 ,0.00 ,0.33,0.03,0.04,-0.14,0.03,0.31,-0.10,-0.20,0.74,0.02,0.76,0.27,0.19,0.10,-0.24,0.44,0.05,0.13,0.21,0.31
YUM,"Yum! Brands, Inc.",2098876,YUM-US,Consumer Discretionary,-0.02 ,-0.03 ,-0.08 ,-0.01 ,-0.52 ,0.01 ,-0.04 ,0.08 ,0.11 ,0.05 ,0.07,0.04,0.11,0.05,-0.28,0.00,-0.06,0.08,0.07,0.17,0.07,0.04,0.21,-0.28,-0.02,-0.03,0.12,0.08,0.17,0.40
ZBRA,Zebra Technologies Corporation Class A,2989356,ZBRA-US,Information Technology,0.06 ,0.13 ,0.04 ,-0.01 ,1.17 ,0.60 ,0.05 ,0.00 ,0.03 ,0.19 ,0.11,0.56,0.35,0.52,-0.12,0.24,0.03,-0.08,0.28,0.86,0.61,0.55,0.22,0.25,-0.09,0.47,0.36,0.07,-0.12,0.28
ZBH,"Zimmer Biomet Holdings, Inc.",2783815,ZBH-US,Health Care,0.01 ,0.02 ,0.02 ,0.28 ,0.28 ,0.01 ,0.03 ,0.00 ,0.05 ,0.03 ,0.03,-0.17,0.04,0.14,-0.13,0.06,-0.03,0.03,0.06,0.05,0.46,-0.13,0.18,0.00,0.08,0.22,0.38,0.20,-0.09,-0.13
